venue,record_count,unique_paper_keys,curated_records,archive_records,source_union_in_dataset,openalex_lookup_status,openalex_match_display_name,openalex_match_id,openalex_match_issn_l,openalex_match_issn,openalex_match_host_organization,openalex_works_count,openalex_lookup_similarity,openalex_lookup_note
Multi-material Additive Manufacturing,14,14,0,14,Crossref,no_openalex_source_match,,,,,,,,no close OpenAlex source display_name found in top 5 search results
Manufacturing Letters,13,13,2,11,Crossref,exact_openalex_source_match,Manufacturing Letters,https://openalex.org/S2764828758,2213-8463,2213-8463,Elsevier BV,1419,1.000,normalized venue title exactly matched an OpenAlex source display_name
Procedia CIRP,13,13,4,9,Crossref,exact_openalex_source_match,Procedia CIRP,https://openalex.org/S2898565713,2212-8271,2212-8271,Elsevier BV,15070,1.000,normalized venue title exactly matched an OpenAlex source display_name
4D Printing of Composites,11,11,0,11,Crossref,no_openalex_source_match,,,,,,,,no close OpenAlex source display_name found in top 5 search results
Materials & Design,11,11,1,10,Crossref,exact_openalex_source_match,Materials & Design,https://openalex.org/S8792693,0264-1275,0264-1275; 1873-4197,Elsevier BV,14311,1.000,normalized venue title exactly matched an OpenAlex source display_name
Generation and Update of a Digital Twin in a Process Plant,10,10,0,10,Crossref,no_openalex_source_match,,,,,,,,no close OpenAlex source display_name found in top 5 search results
Vat Photopolymerization Additive Manufacturing,10,10,9,1,Crossref,no_openalex_source_match,,,,,,,,no close OpenAlex source display_name found in top 5 search results
4D Printing in Healthcare,9,9,0,9,Crossref,no_openalex_source_match,,,,,,,,no close OpenAlex source display_name found in top 5 search results
Computational Design and Robotic Fabrication,9,9,9,0,Crossref,exact_openalex_source_match,Computational design and robotic fabrication,https://openalex.org/S4393919381,2731-9040,2731-9040; 2731-9059,,157,1.000,normalized venue title exactly matched an OpenAlex source display_name
International Journal of Computer Integrated Manufacturing,9,9,2,7,Crossref,exact_openalex_source_match,International Journal of Computer Integrated Manufacturing,https://openalex.org/S57062392,0951-192X,0951-192X; 1362-3052,Taylor & Francis,2678,1.000,normalized venue title exactly matched an OpenAlex source display_name
Manufacturing Process Optimization for Sustainable Development Using Digital Twin Applications,9,9,9,0,Crossref,no_openalex_source_match,,,,,,,,no close OpenAlex source display_name found in top 5 search results
"Smart Materials in Additive Manufacturing, Volume 3",7,7,1,6,Crossref,no_openalex_source_match,,,,,,,,no close OpenAlex source display_name found in top 5 search results
SpringerBriefs in Energy,7,7,0,7,Crossref,exact_openalex_source_match,SpringerBriefs in energy,https://openalex.org/S4210240135,2191-5520,2191-5520; 2191-5539,Springer Nature,850,1.000,normalized venue title exactly matched an OpenAlex source display_name
Artificial Intelligence‐Enabled Digital Twin for Smart Manufacturing,6,6,6,0,Crossref,no_openalex_source_match,,,,,,,,no close OpenAlex source display_name found in top 5 search results
Digital Twin and Blockchain for Sensor Networks in Smart Cities,6,6,0,6,Crossref,no_openalex_source_match,,,,,,,,no close OpenAlex source display_name found in top 5 search results
Driving Innovation through AI and Digital Twin for 6G Powered Sustainable Ultra Smart Cities,6,6,0,6,Crossref,no_openalex_source_match,,,,,,,,no close OpenAlex source display_name found in top 5 search results
Lecture Notes in Mechanical Engineering,6,6,0,6,Crossref,exact_openalex_source_match,Lecture notes in mechanical engineering,https://openalex.org/S4210184193,2195-4356,2195-4356; 2195-4364,Springer Nature,38787,1.000,normalized venue title exactly matched an OpenAlex source display_name
Materials Research Proceedings,6,6,1,5,Crossref,exact_openalex_source_match,Materials research proceedings,https://openalex.org/S4210218293,2474-3941,2474-3941; 2474-395X,,3896,1.000,normalized venue title exactly matched an OpenAlex source display_name
AIP Conference Proceedings,5,5,0,5,Crossref,exact_openalex_source_match,AIP conference proceedings,https://openalex.org/S2764696622,0094-243X,0094-243X; 1551-7616; 1935-0465,American Institute of Physics,280239,1.000,normalized venue title exactly matched an OpenAlex source display_name
Blockchain and Digital Twin for Smart Hospitals,5,5,0,5,Crossref,no_openalex_source_match,,,,,,,,no close OpenAlex source display_name found in top 5 search results
Ceramics International,5,5,3,2,Crossref,exact_openalex_source_match,Ceramics International,https://openalex.org/S106928643,0272-8842,0272-8842; 1873-3956,Elsevier BV,55694,1.000,normalized venue title exactly matched an OpenAlex source display_name
CIRP Journal of Manufacturing Science and Technology,5,5,0,5,Crossref,exact_openalex_source_match,CIRP journal of manufacturing science and technology,https://openalex.org/S134482011,1755-5817,1755-5817; 1878-0016,Elsevier BV,1580,1.000,normalized venue title exactly matched an OpenAlex source display_name
Digital Twin and Blockchain for Smart Cities,5,5,0,5,Crossref,no_openalex_source_match,,,,,,,,no close OpenAlex source display_name found in top 5 search results
Human-Centric Smart Manufacturing Towards Industry 5.0,5,5,1,4,Crossref,no_openalex_source_match,,,,,,,,no close OpenAlex source display_name found in top 5 search results
Proceedings of the 2025 International Conference on Artificial Intelligence and Smart Manufacturing,5,5,0,5,Crossref,no_openalex_source_match,,,,,,,,no close OpenAlex source display_name found in top 5 search results
Composites Part B: Engineering,4,4,0,4,Crossref,exact_openalex_source_match,Composites Part B Engineering,https://openalex.org/S112674977,1359-8368,1359-8368; 1879-1069,Elsevier BV,13494,1.000,normalized venue title exactly matched an OpenAlex source display_name
Digital Twins in Industrial Production and Smart Manufacturing,4,4,0,4,Crossref,no_openalex_source_match,,,,,,,,no close OpenAlex source display_name found in top 5 search results
Journal of Materials Engineering and Performance,4,4,0,4,Crossref,exact_openalex_source_match,Journal of Materials Engineering and Performance,https://openalex.org/S70681891,1059-9495,1059-9495; 1544-1024,Springer Science+Business Media,16925,1.000,normalized venue title exactly matched an OpenAlex source display_name
Journal of Mechanical Engineering,4,4,0,4,Crossref,exact_openalex_source_match,Journal of Mechanical Engineering,https://openalex.org/S4210240396,0577-6686,0577-6686,,15241,1.000,normalized venue title exactly matched an OpenAlex source display_name
Optics Express,4,4,4,0,Crossref,exact_openalex_source_match,Optics Express,https://openalex.org/S178776955,1094-4087,1094-4087,Optica Publishing Group,67375,1.000,normalized venue title exactly matched an OpenAlex source display_name
Polymer,4,4,1,3,Crossref,exact_openalex_source_match,Polymer,https://openalex.org/S186054908,0032-3861,0032-3861; 1873-2291,Elsevier BV,41582,1.000,normalized venue title exactly matched an OpenAlex source display_name
Volume 2: Advanced Manufacturing,4,4,2,2,Crossref,no_openalex_source_match,"Volume 2: Mechatronics; Mechatronics and Controls in Advanced Manufacturing; Modeling and Control of Automotive Systems and Combustion Engines; Modeling and Validation; Motion and Vibration Control Applications; Multi-Agent and Networked Systems; Path Planning and Motion Control; Robot Manipulators; Sensors and Actuators; Tracking Control Systems; Uncertain Systems and Robustness; Unmanned, Ground and Surface Robotics; Vehicle Dynamic Controls; Vehicle Dynamics and Traffic Control",https://openalex.org/S4306534495,,,,109,0.124,no close OpenAlex source display_name found in top 5 search results
2024 IEEE 20th International Conference on Automation Science and Engineering (CASE),3,3,0,3,Crossref,no_openalex_source_match,,,,,,,,no close OpenAlex source display_name found in top 5 search results
3D Printing Technologies,3,3,0,3,Crossref,no_openalex_source_match,International Journal of 3D Printing Technologies and Digital Industry,https://openalex.org/S4210214343,2602-3350,2602-3350,,350,0.511,no close OpenAlex source display_name found in top 5 search results
4D Printing of Foods,3,3,0,3,Crossref,no_openalex_source_match,,,,,,,,no close OpenAlex source display_name found in top 5 search results
Advances in 3D and 4D Printing of Medical Robots and Devices,3,3,0,3,Crossref,no_openalex_source_match,,,,,,,,no close OpenAlex source display_name found in top 5 search results
Blockchain and Digital Twin Applications in Smart Agriculture,3,3,0,3,Crossref,no_openalex_source_match,,,,,,,,no close OpenAlex source display_name found in top 5 search results
Blockchain and Digital Twin for Smart Healthcare,3,3,0,3,Crossref,no_openalex_source_match,,,,,,,,no close OpenAlex source display_name found in top 5 search results
Comprehensive Materials Processing,3,3,0,3,Crossref,no_openalex_source_match,,,,,,,,no close OpenAlex source display_name found in top 5 search results
Materials Science and Engineering: A,3,3,1,2,Crossref,exact_openalex_source_match,Materials Science and Engineering A,https://openalex.org/S154732359,0921-5093,0921-5093; 1873-4936,Elsevier BV,45838,1.000,normalized venue title exactly matched an OpenAlex source display_name
Materials Today: Proceedings,3,3,0,3,Crossref,exact_openalex_source_match,Materials Today Proceedings,https://openalex.org/S2898407351,2214-7853,2214-7853,Elsevier BV,41643,1.000,normalized venue title exactly matched an OpenAlex source display_name
Research,3,3,0,3,Crossref,no_openalex_source_match,Brain Research,https://openalex.org/S96638545,0006-8993,0006-8993; 1872-6240,Elsevier BV,66607,0.727,no close OpenAlex source display_name found in top 5 search results
Responsive Materials,3,3,0,3,Crossref,exact_openalex_source_match,Responsive materials,https://openalex.org/S4393919739,2834-894X,2834-894X; 2834-8966,,149,1.000,normalized venue title exactly matched an OpenAlex source display_name
2024 Winter Simulation Conference (WSC),2,2,0,2,Crossref,no_openalex_source_match,,,,,,,,no close OpenAlex source display_name found in top 5 search results
2026 IEEE 9th International Conference on Soft Robotics (RoboSoft),2,2,1,1,Crossref,no_openalex_source_match,,,,,,,,no close OpenAlex source display_name found in top 5 search results
3D Printing and Digital Twins in Smart Agriculture,2,2,1,1,Crossref,no_openalex_source_match,,,,,,,,no close OpenAlex source display_name found in top 5 search results
ACS Applied Materials & Interfaces,2,2,1,1,Crossref,exact_openalex_source_match,ACS Applied Materials & Interfaces,https://openalex.org/S164001016,1944-8244,1944-8244; 1944-8252,American Chemical Society,69379,1.000,normalized venue title exactly matched an OpenAlex source display_name
Advanced Materials & Sustainable Manufacturing,2,2,0,2,Crossref,exact_openalex_source_match,Advanced Materials & Sustainable Manufacturing,https://openalex.org/S5407043145,3006-2810,3006-2810; 3006-2829,,40,1.000,normalized venue title exactly matched an OpenAlex source display_name
Advances in Computational Intelligence and Robotics,2,2,0,2,Crossref,possible_openalex_source_match,Advances in computational intelligence and robotics book series,https://openalex.org/S4210180746,2327-0411,2327-0411; 2327-042X,IGI Global,11310,0.895,best title similarity 0.89; inspect manually
Advances in Engineering Software,2,2,0,2,Crossref,exact_openalex_source_match,Advances in Engineering Software,https://openalex.org/S16540516,0965-9978,0965-9978; 1873-5339,Elsevier BV,4265,1.000,normalized venue title exactly matched an OpenAlex source display_name
AIJR Proceedings,2,2,1,1,Crossref,exact_openalex_source_match,AIJR Proceedings,https://openalex.org/S4210240747,2582-3922,2582-3922,,1031,1.000,normalized venue title exactly matched an OpenAlex source display_name
Angewandte Chemie,2,2,0,2,Crossref,exact_openalex_source_match,Angewandte Chemie,https://openalex.org/S4210200754,0044-8249,0044-8249; 1521-3757,Wiley,141736,1.000,normalized venue title exactly matched an OpenAlex source display_name
Angewandte Chemie International Edition,2,2,0,2,Crossref,exact_openalex_source_match,Angewandte Chemie International Edition,https://openalex.org/S67393510,1433-7851,1433-7851; 1521-3773,Wiley,81115,1.000,normalized venue title exactly matched an OpenAlex source display_name
Composite Structures,2,2,1,1,Crossref,exact_openalex_source_match,Composite Structures,https://openalex.org/S52363224,0263-8223,0263-8223; 1879-1085,Elsevier BV,19827,1.000,normalized venue title exactly matched an OpenAlex source display_name
Composites Part C: Open Access,2,2,1,1,Crossref,exact_openalex_source_match,Composites Part C Open Access,https://openalex.org/S4210186814,2666-6820,2666-6820,Elsevier BV,737,1.000,normalized venue title exactly matched an OpenAlex source display_name
Computers,2,2,1,1,Crossref,no_openalex_source_match,Computers & Education,https://openalex.org/S4210172634,0360-1315,0360-1315; 1873-782X,Elsevier BV,6161,0.562,no close OpenAlex source display_name found in top 5 search results
Cyber Physical System 2.0,2,2,0,2,Crossref,no_openalex_source_match,,,,,,,,no close OpenAlex source display_name found in top 5 search results
Digital Twin Applications and Cognitive Enterprise Transformation Across Industries,2,2,0,2,Crossref,no_openalex_source_match,,,,,,,,no close OpenAlex source display_name found in top 5 search results
Digital Twinning for Discrete Manufacturing,2,2,0,2,Crossref,no_openalex_source_match,,,,,,,,no close OpenAlex source display_name found in top 5 search results
eCAADe proceedings,2,2,1,1,Crossref,exact_openalex_source_match,eCAADe proceedings,https://openalex.org/S4393919075,2684-1843,2684-1843,,4089,1.000,normalized venue title exactly matched an OpenAlex source display_name
Emerging Trends in Manufacturing Technologies,2,2,0,2,Crossref,no_openalex_source_match,,,,,,,,no close OpenAlex source display_name found in top 5 search results
Engineering Materials,2,2,0,2,Crossref,possible_openalex_source_match,Key engineering materials,https://openalex.org/S75411654,1013-9826,1013-9826; 1662-9795; 1662-9809,Trans Tech Publications,65040,0.913,best title similarity 0.91; inspect manually
Expert Opinion on Drug Delivery,2,2,0,2,Crossref,exact_openalex_source_match,Expert Opinion on Drug Delivery,https://openalex.org/S51663496,1742-5247,1742-5247; 1744-7593,Taylor & Francis,2531,1.000,normalized venue title exactly matched an OpenAlex source display_name
Expert Systems with Applications,2,2,0,2,Crossref,exact_openalex_source_match,Expert Systems with Applications,https://openalex.org/S13144211,0957-4174,0957-4174; 1873-6793,Elsevier BV,31273,1.000,normalized venue title exactly matched an OpenAlex source display_name
Handbook of Liquid Metals,2,2,0,2,Crossref,no_openalex_source_match,,,,,,,,no close OpenAlex source display_name found in top 5 search results
IEEE Transactions on Automation Science and Engineering,2,2,0,2,Crossref,exact_openalex_source_match,IEEE Transactions on Automation Science and Engineering,https://openalex.org/S34881539,1545-5955,1545-5955; 1558-3783,Institute of Electrical and Electronics Engineers,6381,1.000,normalized venue title exactly matched an OpenAlex source display_name
IET Conference Proceedings,2,2,0,2,Crossref,exact_openalex_source_match,IET conference proceedings.,https://openalex.org/S4404663355,2732-4494,2732-4494,Institution of Engineering and Technology,18802,1.000,normalized venue title exactly matched an OpenAlex source display_name
IFAC-PapersOnLine,2,2,0,2,Crossref,exact_openalex_source_match,IFAC-PapersOnLine,https://openalex.org/S2898405271,2405-8963,2405-8963; 2405-8971,Elsevier BV,29399,1.000,normalized venue title exactly matched an OpenAlex source display_name
Industrial Engineering and Management,2,2,0,2,Crossref,exact_openalex_source_match,Industrial Engineering and Management,https://openalex.org/S2764357252,,,Hilaris,1961,1.000,normalized venue title exactly matched an OpenAlex source display_name
"Industry 4.0, Smart Manufacturing, and Industrial Engineering",2,2,2,0,Crossref,no_openalex_source_match,,,,,,,,no close OpenAlex source display_name found in top 5 search results
Innovative Food Science & Emerging Technologies,2,2,1,1,Crossref,exact_openalex_source_match,Innovative Food Science & Emerging Technologies,https://openalex.org/S130676932,1466-8564,1466-8564; 1878-5522,Elsevier BV,4298,1.000,normalized venue title exactly matched an OpenAlex source display_name
Intelligent Manufacturing and Industry 4.0,2,2,0,2,Crossref,no_openalex_source_match,,,,,,,,no close OpenAlex source display_name found in top 5 search results
International Journal of 3D Printing Technologies and Digital Industry,2,2,2,0,Crossref,exact_openalex_source_match,International Journal of 3D Printing Technologies and Digital Industry,https://openalex.org/S4210214343,2602-3350,2602-3350,,350,1.000,normalized venue title exactly matched an OpenAlex source display_name
International Journal of Biological Macromolecules,2,2,1,1,Crossref,exact_openalex_source_match,International Journal of Biological Macromolecules,https://openalex.org/S83853393,0141-8130,0141-8130; 1879-0003,Elsevier BV,51799,1.000,normalized venue title exactly matched an OpenAlex source display_name
JMST Advances,2,2,2,0,Crossref,exact_openalex_source_match,JMST Advances,https://openalex.org/S4210176154,2524-7905,2524-7905; 2524-7913,Springer Nature,129,1.000,normalized venue title exactly matched an OpenAlex source display_name
Journal of Advanced Joining Processes,2,2,0,2,Crossref,exact_openalex_source_match,Journal of Advanced Joining Processes,https://openalex.org/S4210200780,2666-3309,2666-3309,Elsevier BV,403,1.000,normalized venue title exactly matched an OpenAlex source display_name
Journal of Alloys and Compounds,2,2,0,2,Crossref,exact_openalex_source_match,Journal of Alloys and Compounds,https://openalex.org/S67716761,0925-8388,0925-8388; 1873-4669,Elsevier BV,92703,1.000,normalized venue title exactly matched an OpenAlex source display_name
Journal of Engineering Design,2,2,0,2,Crossref,exact_openalex_source_match,Journal of Engineering Design,https://openalex.org/S2912548,0954-4828,0954-4828; 1466-1837,Taylor & Francis,2088,1.000,normalized venue title exactly matched an OpenAlex source display_name
Journal of Materials Processing Technology,2,2,0,2,Crossref,exact_openalex_source_match,Journal of Materials Processing Technology,https://openalex.org/S127530304,0924-0136,0924-0136; 1873-4774,Elsevier BV,18654,1.000,normalized venue title exactly matched an OpenAlex source display_name
Journal of the American Ceramic Society,2,2,0,2,Crossref,exact_openalex_source_match,Journal of the American Ceramic Society,https://openalex.org/S53162366,0002-7820,0002-7820; 1551-2916,Wiley,36751,1.000,normalized venue title exactly matched an OpenAlex source display_name
Laser 3D Manufacturing XI,2,2,1,1,Crossref,no_openalex_source_match,,,,,,,,no close OpenAlex source display_name found in top 5 search results
Laser 3D Manufacturing XII,2,2,1,1,Crossref,no_openalex_source_match,,,,,,,,no close OpenAlex source display_name found in top 5 search results
Manufacturing Review,2,2,0,2,Crossref,exact_openalex_source_match,Manufacturing Review,https://openalex.org/S4210222728,2265-4224,2265-4224,EDP Sciences,334,1.000,normalized venue title exactly matched an OpenAlex source display_name
Materials and Manufacturing Processes,2,2,1,1,Crossref,exact_openalex_source_match,Materials and Manufacturing Processes,https://openalex.org/S166620827,1042-6914,1042-6914; 1532-2475,Taylor & Francis,5486,1.000,normalized venue title exactly matched an OpenAlex source display_name
Materials Science and Engineering: R: Reports,2,2,0,2,Crossref,exact_openalex_source_match,Materials Science and Engineering R Reports,https://openalex.org/S1018252914,0927-796X,0927-796X; 1879-212X,Elsevier BV,1087,1.000,normalized venue title exactly matched an OpenAlex source display_name
Nanotechnology Perceptions,2,2,0,2,Crossref,exact_openalex_source_match,Nanotechnology Perceptions,https://openalex.org/S104949663,1660-6795,1660-6795; 2235-2074,,2849,1.000,normalized venue title exactly matched an OpenAlex source display_name
Procedia Computer Science,2,2,1,1,Crossref,exact_openalex_source_match,Procedia Computer Science,https://openalex.org/S120348307,1877-0509,1877-0509,Elsevier BV,34103,1.000,normalized venue title exactly matched an OpenAlex source display_name
Proceedings of the Extended Abstracts of the CHI Conference on Human Factors in Computing Systems,2,2,1,1,Crossref,no_openalex_source_match,,,,,,,,no close OpenAlex source display_name found in top 5 search results
Proceedings of the International Conference on Industrial Engineering and Operations Management,2,2,0,2,Crossref,no_openalex_source_match,,,,,,,,no close OpenAlex source display_name found in top 5 search results
Science and Technology of Welding and Joining,2,2,0,2,Crossref,exact_openalex_source_match,Science and Technology of Welding & Joining,https://openalex.org/S140152165,1362-1718,1362-1718; 1743-2936,Maney Publishing,2443,1.000,normalized venue title exactly matched an OpenAlex source display_name
Springer Tracts in Additive Manufacturing,2,2,0,2,Crossref,exact_openalex_source_match,Springer tracts in additive manufacturing,https://openalex.org/S4210198807,2730-9576,2730-9576; 2730-9584,Springer International Publishing,345,1.000,normalized venue title exactly matched an OpenAlex source display_name
The International Conference on Computational & Experimental Engineering and Sciences,2,2,0,2,Crossref,no_openalex_source_match,,,,,,,,no close OpenAlex source display_name found in top 5 search results
The Project Repository Journal,2,2,0,2,Crossref,exact_openalex_source_match,The Project Repository Journal,https://openalex.org/S4210235135,2632-4067,2632-4067,,332,1.000,normalized venue title exactly matched an OpenAlex source display_name
Volume 3: Advances in Thermal Technologies; Advances in Semiconductor Manufacturing; Clean Energy Technologies & Systems; Cyber Physical Systems + AI / ML,2,2,0,2,Crossref,no_openalex_source_match,,,,,,,,no close OpenAlex source display_name found in top 5 search results
"1st International Conference on Industrial, Manufacturing, and Process Engineering (ICIMP-2024)",1,1,0,1,Crossref,no_openalex_source_match,,,,,,,,no close OpenAlex source display_name found in top 5 search results
"2024 24th International Conference on Control, Automation and Systems (ICCAS)",1,1,0,1,Crossref,no_openalex_source_match,,,,,,,,no close OpenAlex source display_name found in top 5 search results
2024 25th International Conference on Electronic Packaging Technology (ICEPT),1,1,0,1,Crossref,no_openalex_source_match,,,,,,,,no close OpenAlex source display_name found in top 5 search results
2024 29th International Conference on Automation and Computing (ICAC),1,1,0,1,Crossref,no_openalex_source_match,,,,,,,,no close OpenAlex source display_name found in top 5 search results
2024 35th Annual SEMI Advanced Semiconductor Manufacturing Conference (ASMC),1,1,0,1,Crossref,no_openalex_source_match,,,,,,,,no close OpenAlex source display_name found in top 5 search results
2024 4th International Multidisciplinary Information Technology and Engineering Conference (IMITEC),1,1,0,1,Crossref,no_openalex_source_match,,,,,,,,no close OpenAlex source display_name found in top 5 search results
2024 4th International Symposium on Artificial Intelligence and Intelligent Manufacturing (AIIM),1,1,0,1,Crossref,no_openalex_source_match,,,,,,,,no close OpenAlex source display_name found in top 5 search results
"2024 7th International Conference on Algorithms, Computing and Artificial Intelligence (ACAI)",1,1,0,1,Crossref,no_openalex_source_match,,,,,,,,no close OpenAlex source display_name found in top 5 search results
"2024 8th International Conference on Electrical, Mechanical and Computer Engineering (ICEMCE)",1,1,0,1,Crossref,no_openalex_source_match,,,,,,,,no close OpenAlex source display_name found in top 5 search results
2024 Advances in Science and Engineering Technology International Conferences (ASET),1,1,1,0,Crossref,no_openalex_source_match,,,,,,,,no close OpenAlex source display_name found in top 5 search results
"2024 AM Cross JOWOG - Albuquerque, New Mexico, United States of America - February - 2024",1,1,0,1,Crossref,no_openalex_source_match,,,,,,,,no close OpenAlex source display_name found in top 5 search results
2024 IEEE 22nd International Conference on Industrial Informatics (INDIN),1,1,0,1,Crossref,no_openalex_source_match,,,,,,,,no close OpenAlex source display_name found in top 5 search results
"2024 IEEE 23rd International Conference on Micro and Miniature Power Systems, Self-Powered Sensors and Energy Autonomous Devices (PowerMEMS)",1,1,0,1,Crossref,no_openalex_source_match,,,,,,,,no close OpenAlex source display_name found in top 5 search results
2024 IEEE 7th International Conference on Soft Robotics (RoboSoft),1,1,1,0,Crossref,no_openalex_source_match,,,,,,,,no close OpenAlex source display_name found in top 5 search results
2024 IEEE International Conference on Advanced Intelligent Mechatronics (AIM),1,1,1,0,Crossref,no_openalex_source_match,,,,,,,,no close OpenAlex source display_name found in top 5 search results
2024 IEEE International Conference on Robotics and Automation (ICRA),1,1,1,0,Crossref,no_openalex_source_match,,,,,,,,no close OpenAlex source display_name found in top 5 search results
2024 IEEE/RSJ International Conference on Intelligent Robots and Systems (IROS),1,1,0,1,Crossref,no_openalex_source_match,,,,,,,,no close OpenAlex source display_name found in top 5 search results
2024 International Conference on AI x Data and Knowledge Engineering (AIxDKE),1,1,0,1,Crossref,no_openalex_source_match,,,,,,,,no close OpenAlex source display_name found in top 5 search results
2024 International Conference on Smart-Digital-Green Technologies and Artificial Intelligence Sciences (CSDGAIS),1,1,0,1,Crossref,no_openalex_source_match,,,,,,,,no close OpenAlex source display_name found in top 5 search results
2024 International Russian Smart Industry Conference (SmartIndustryCon),1,1,0,1,Crossref,no_openalex_source_match,,,,,,,,no close OpenAlex source display_name found in top 5 search results
2024 International Symposium on Flexible Automation,1,1,0,1,Crossref,no_openalex_source_match,,,,,,,,no close OpenAlex source display_name found in top 5 search results
2024 International Symposium on Semiconductor Manufacturing (ISSM),1,1,0,1,Crossref,no_openalex_source_match,,,,,,,,no close OpenAlex source display_name found in top 5 search results
2024 Sixth International Conference on Next Generation Data-driven Networks (NGDN),1,1,1,0,Crossref,no_openalex_source_match,,,,,,,,no close OpenAlex source display_name found in top 5 search results
"2024 Symposium on Design, Test, Integration and Packaging of MEMS/MOEMS (DTIP)",1,1,0,1,Crossref,no_openalex_source_match,,,,,,,,no close OpenAlex source display_name found in top 5 search results
2025 36th Annual SEMI Advanced Semiconductor Manufacturing Conference (ASMC),1,1,0,1,Crossref,no_openalex_source_match,,,,,,,,no close OpenAlex source display_name found in top 5 search results
"2025 6th International Conference on Communications, Information, Electronic and Energy Systems (CIEES)",1,1,0,1,Crossref,no_openalex_source_match,,,,,,,,no close OpenAlex source display_name found in top 5 search results
2025 6th International Conference on Mechanical Automation and Intelligent Manufacturing (MAIM),1,1,0,1,Crossref,no_openalex_source_match,,,,,,,,no close OpenAlex source display_name found in top 5 search results
2025 9th International Conference on Mechanical Engineering and Robotics Research (ICMERR),1,1,0,1,Crossref,no_openalex_source_match,,,,,,,,no close OpenAlex source display_name found in top 5 search results
2025 IEEE 21st International Conference on Automation Science and Engineering (CASE),1,1,0,1,Crossref,no_openalex_source_match,,,,,,,,no close OpenAlex source display_name found in top 5 search results
2025 IEEE Additively Manufactured Electronic Systems (AMES),1,1,0,1,Crossref,no_openalex_source_match,,,,,,,,no close OpenAlex source display_name found in top 5 search results
2025 IEEE Engineering Reliable Autonomous Systems (ERAS),1,1,0,1,Crossref,no_openalex_source_match,,,,,,,,no close OpenAlex source display_name found in top 5 search results
2025 IEEE International Conference on Big Data (BigData),1,1,0,1,Crossref,no_openalex_source_match,,,,,,,,no close OpenAlex source display_name found in top 5 search results
2025 IEEE North-East India International Energy Conversion Conference and Exhibition (NE-IECCE),1,1,0,1,Crossref,no_openalex_source_match,,,,,,,,no close OpenAlex source display_name found in top 5 search results
2025 IEEE SENSORS,1,1,0,1,Crossref,no_openalex_source_match,,,,,,,,no close OpenAlex source display_name found in top 5 search results
2025 IEEE/ASME International Conference on Advanced Intelligent Mechatronics (AIM),1,1,1,0,Crossref,no_openalex_source_match,,,,,,,,no close OpenAlex source display_name found in top 5 search results
2025 International Conference on Computer and Applications (ICCA),1,1,1,0,Crossref,no_openalex_source_match,,,,,,,,no close OpenAlex source display_name found in top 5 search results
2025 Moratuwa Engineering Research Conference (MERCon),1,1,1,0,Crossref,no_openalex_source_match,,,,,,,,no close OpenAlex source display_name found in top 5 search results
2025 RIVF International Conference on Computing and Communication Technologies (RIVF),1,1,0,1,Crossref,no_openalex_source_match,,,,,,,,no close OpenAlex source display_name found in top 5 search results
"2025 Third International Conference on Networks, Multimedia and Information Technology (NMITCON)",1,1,0,1,Crossref,no_openalex_source_match,,,,,,,,no close OpenAlex source display_name found in top 5 search results
2025 Winter Simulation Conference (WSC),1,1,0,1,Crossref,no_openalex_source_match,,,,,,,,no close OpenAlex source display_name found in top 5 search results
"2025 XXX International Conference on Information, Communication and Automation Technologies (ICAT)",1,1,0,1,Crossref,no_openalex_source_match,,,,,,,,no close OpenAlex source display_name found in top 5 search results
2026 7th International Conference on Mechatronics Technology and Intelligent Manufacturing (ICMTIM),1,1,0,1,Crossref,no_openalex_source_match,,,,,,,,no close OpenAlex source display_name found in top 5 search results
2026 IEEE International Conference for Convergence in Computing Technology (I3CTCON),1,1,0,1,Crossref,no_openalex_source_match,,,,,,,,no close OpenAlex source display_name found in top 5 search results
2026 IEEE International Conference on Industrial Technology (ICIT),1,1,0,1,Crossref,no_openalex_source_match,,,,,,,,no close OpenAlex source display_name found in top 5 search results
2026 International Conference on Emerging Smart Computing and Informatics (ESCI),1,1,0,1,Crossref,no_openalex_source_match,,,,,,,,no close OpenAlex source display_name found in top 5 search results
2026 International Conference on Intelligent Manufacturing and Automation (IMA),1,1,1,0,Crossref,no_openalex_source_match,,,,,,,,no close OpenAlex source display_name found in top 5 search results
3D and 4D Printing Polymer/Graphene Nanocomposites,1,1,0,1,Crossref,no_openalex_source_match,,,,,,,,no close OpenAlex source display_name found in top 5 search results
3D Printed Optics and Additive Photonic Manufacturing IV,1,1,1,0,Crossref,no_openalex_source_match,,,,,,,,no close OpenAlex source display_name found in top 5 search results
3D Printing,1,1,0,1,Crossref,no_openalex_source_match,3D Printing in Medicine,https://openalex.org/S4210191256,2365-6271,2365-6271,BioMed Central,371,0.647,no close OpenAlex source display_name found in top 5 search results
3D Printing with Light,1,1,0,1,Crossref,no_openalex_source_match,,,,,,,,no close OpenAlex source display_name found in top 5 search results
3D/4D Printing of Bioadhesive Pharmaceutical Systems,1,1,0,1,Crossref,no_openalex_source_match,,,,,,,,no close OpenAlex source display_name found in top 5 search results
5D Printing,1,1,0,1,Crossref,no_openalex_source_match,,,,,,,,no close OpenAlex source display_name found in top 5 search results
9th European Congress on Computational Methods in Applied Sciences and Engineering,1,1,1,0,Crossref,no_openalex_source_match,,,,,,,,no close OpenAlex source display_name found in top 5 search results
A Hardware‐in‐Loop Digital Twin Approach for Intelligent Optimization of Municipal Solid Waste Incineration,1,1,0,1,Crossref,no_openalex_source_match,,,,,,,,no close OpenAlex source display_name found in top 5 search results
Academica Global: Journal of Computer Science and Technology Studies,1,1,0,1,Crossref,exact_openalex_source_match,Academica Global Journal of Computer Science and Technology Studies,https://openalex.org/S5407055635,2978-8706,2978-8706,,16,1.000,normalized venue title exactly matched an OpenAlex source display_name
ACM Symposium on Computational Fabrication,1,1,0,1,Crossref,no_openalex_source_match,,,,,,,,no close OpenAlex source display_name found in top 5 search results
ACM Transactions on Cyber-Physical Systems,1,1,0,1,Crossref,exact_openalex_source_match,ACM Transactions on Cyber-Physical Systems,https://openalex.org/S2506189754,2378-962X,2378-962X; 2378-9638,Association for Computing Machinery,428,1.000,normalized venue title exactly matched an OpenAlex source display_name
ACM Transactions on Graphics,1,1,1,0,Crossref,exact_openalex_source_match,ACM Transactions on Graphics,https://openalex.org/S185367456,0730-0301,0730-0301; 1557-7368,Association for Computing Machinery,6482,1.000,normalized venue title exactly matched an OpenAlex source display_name
ACM Transactions on Human-Robot Interaction,1,1,0,1,Crossref,exact_openalex_source_match,ACM Transactions on Human-Robot Interaction,https://openalex.org/S4210193251,2573-9522,2573-9522,Association for Computing Machinery,459,1.000,normalized venue title exactly matched an OpenAlex source display_name
ACS Applied Bio Materials,1,1,0,1,Crossref,exact_openalex_source_match,ACS Applied Bio Materials,https://openalex.org/S4210214000,2576-6422,2576-6422,American Chemical Society,5736,1.000,normalized venue title exactly matched an OpenAlex source display_name
ACS Applied Engineering Materials,1,1,0,1,Crossref,exact_openalex_source_match,ACS Applied Engineering Materials,https://openalex.org/S4387282792,2771-9545,2771-9545,American Chemical Society,1329,1.000,normalized venue title exactly matched an OpenAlex source display_name
ACS Nano,1,1,0,1,Crossref,exact_openalex_source_match,ACS Nano,https://openalex.org/S145476921,1936-0851,1936-0851; 1936-086X,American Chemical Society,28955,1.000,normalized venue title exactly matched an OpenAlex source display_name
ACS Photonics,1,1,1,0,Crossref,exact_openalex_source_match,ACS Photonics,https://openalex.org/S135184319,2330-4022,2330-4022,American Chemical Society,6040,1.000,normalized venue title exactly matched an OpenAlex source display_name
Acta Astronautica,1,1,0,1,Crossref,exact_openalex_source_match,Acta Astronautica,https://openalex.org/S179591353,0094-5765,0094-5765; 1879-2030,Elsevier BV,15066,1.000,normalized venue title exactly matched an OpenAlex source display_name
Acta Simulatio,1,1,0,1,Crossref,exact_openalex_source_match,Acta Simulatio,https://openalex.org/S4210233998,1339-9640,1339-9640,"4S go, s.r.o.",78,1.000,normalized venue title exactly matched an OpenAlex source display_name
Additive Manufacturing for Advance Applications,1,1,1,0,Crossref,no_openalex_source_match,,,,,,,,no close OpenAlex source display_name found in top 5 search results
Additive Manufacturing of Magnetic Materials,1,1,1,0,Crossref,no_openalex_source_match,,,,,,,,no close OpenAlex source display_name found in top 5 search results
Additive Manufacturing of Smart Multifunctional Materials and Structures,1,1,1,0,Crossref,no_openalex_source_match,,,,,,,,no close OpenAlex source display_name found in top 5 search results
Additive Manufacturing Solutions for Advanced Veterinary Practice,1,1,0,1,Crossref,no_openalex_source_match,,,,,,,,no close OpenAlex source display_name found in top 5 search results
Additively Manufactured Smart Materials and Structures,1,1,1,0,Crossref,no_openalex_source_match,,,,,,,,no close OpenAlex source display_name found in top 5 search results
Advanced Logistic Systems - Theory and Practice,1,1,0,1,Crossref,exact_openalex_source_match,Advanced Logistic Systems - Theory and Practice,https://openalex.org/S4210224893,1789-2198,1789-2198,,174,1.000,normalized venue title exactly matched an OpenAlex source display_name
Advanced Powder Materials,1,1,1,0,Crossref,exact_openalex_source_match,Advanced Powder Materials,https://openalex.org/S4210231862,2772-834X,2772-834X,Elsevier BV,267,1.000,normalized venue title exactly matched an OpenAlex source display_name
Advanced Structured Materials,1,1,0,1,Crossref,exact_openalex_source_match,Advanced structured materials,https://openalex.org/S4210187541,1869-8433,1869-8433; 1869-8441,Springer International Publishing,4532,1.000,normalized venue title exactly matched an OpenAlex source display_name
Advanced Technologies for Sustainable Biomedical Applications,1,1,0,1,Crossref,no_openalex_source_match,,,,,,,,no close OpenAlex source display_name found in top 5 search results
Advances in Chemical and Materials Engineering,1,1,0,1,Crossref,possible_openalex_source_match,Advances in chemical and materials engineering book series,https://openalex.org/S4210189138,2327-5448,2327-5448; 2327-5456,IGI Global,1590,0.885,best title similarity 0.88; inspect manually
Advances in Colloid and Interface Science,1,1,1,0,Crossref,exact_openalex_source_match,Advances in Colloid and Interface Science,https://openalex.org/S28247071,0001-8686,0001-8686; 1873-3727,Elsevier BV,4234,1.000,normalized venue title exactly matched an OpenAlex source display_name
Advances in Industrial and Manufacturing Engineering,1,1,0,1,Crossref,exact_openalex_source_match,Advances in Industrial and Manufacturing Engineering,https://openalex.org/S4210227429,2666-9129,2666-9129,Elsevier BV,161,1.000,normalized venue title exactly matched an OpenAlex source display_name
Advances in Materials Technology for Power Plants,1,1,0,1,Crossref,possible_openalex_source_match,Advances in materials technology for fossil power plants :,https://openalex.org/S4404670259,2994-4023,2994-4023; 2994-4031,ASM International,765,0.933,best title similarity 0.93; inspect manually
AHFE International,1,1,1,0,Crossref,exact_openalex_source_match,AHFE international,https://openalex.org/S4220651959,2771-0718,2771-0718,,7264,1.000,normalized venue title exactly matched an OpenAlex source display_name
"AI, Computer Science and Robotics Technology",1,1,1,0,Crossref,exact_openalex_source_match,AI Computer Science and Robotics Technology,https://openalex.org/S4387279549,2754-6292,2754-6292,IntechOpen,84,1.000,normalized venue title exactly matched an OpenAlex source display_name
AIAA SCITECH 2026 Forum,1,1,1,0,Crossref,no_openalex_source_match,,,,,,,,no close OpenAlex source display_name found in top 5 search results
An International Journal of Optimization and Control: Theories & Applications (IJOCTA),1,1,0,1,Crossref,exact_openalex_source_match,An International Journal of Optimization and Control Theories & Applications (IJOCTA),https://openalex.org/S2738277457,2146-0957,2146-0957; 2146-5703,Balıkesir University,432,1.000,normalized venue title exactly matched an OpenAlex source display_name
Applied Acoustics,1,1,0,1,Crossref,exact_openalex_source_match,Applied Acoustics,https://openalex.org/S971171794,0003-682X,0003-682X; 1872-910X,Elsevier BV,10104,1.000,normalized venue title exactly matched an OpenAlex source display_name
Applied Energy,1,1,0,1,Crossref,exact_openalex_source_match,Applied Energy,https://openalex.org/S109565702,0306-2619,0306-2619; 1872-9118,Elsevier BV,28031,1.000,normalized venue title exactly matched an OpenAlex source display_name
Architected Structures,1,1,0,1,Crossref,no_openalex_source_match,,,,,,,,no close OpenAlex source display_name found in top 5 search results
Archives of Materials Science and Engineering,1,1,0,1,Crossref,exact_openalex_source_match,Archives of Materials Science and Engineering,https://openalex.org/S2764757272,1897-2764,1897-2764; 2300-8679,Index Copernicus International S.A.,1186,1.000,normalized venue title exactly matched an OpenAlex source display_name
Archives of Metallurgy and Materials,1,1,1,0,Crossref,exact_openalex_source_match,Archives of Metallurgy and Materials,https://openalex.org/S20440071,1733-3490,1733-3490; 2300-1909,De Gruyter Open,4574,1.000,normalized venue title exactly matched an OpenAlex source display_name
Artificial Intelligence based Solutions for Industrial Applications,1,1,0,1,Crossref,no_openalex_source_match,,,,,,,,no close OpenAlex source display_name found in top 5 search results
Artificial Intelligence‐Enabled Blockchain Technology and Digital Twin for Smart Hospitals,1,1,0,1,Crossref,no_openalex_source_match,,,,,,,,no close OpenAlex source display_name found in top 5 search results
"ASME 2025 Aerospace Structures, Structural Dynamics, and Materials Conference",1,1,1,0,Crossref,no_openalex_source_match,,,,,,,,no close OpenAlex source display_name found in top 5 search results
"ASME 2025 Conference on Smart Materials, Adaptive Structures and Intelligent Systems",1,1,0,1,Crossref,no_openalex_source_match,,,,,,,,no close OpenAlex source display_name found in top 5 search results
ASME Open Journal of Engineering,1,1,1,0,Crossref,exact_openalex_source_match,ASME Open Journal of Engineering,https://openalex.org/S4220650986,2770-3495,2770-3495,ASM International,221,1.000,normalized venue title exactly matched an OpenAlex source display_name
"Atomic and Near-atomic Scale Additive Manufacturing Processes: Progress, Challenges, and Circular Economy",1,1,0,1,Crossref,no_openalex_source_match,,,,,,,,no close OpenAlex source display_name found in top 5 search results
ATZ worldwide,1,1,0,1,Crossref,exact_openalex_source_match,ATZ worldwide,https://openalex.org/S2764576111,2192-9076,2192-9076,Springer Science+Business Media,3249,1.000,normalized venue title exactly matched an OpenAlex source display_name
Australasian Orthodontic Journal,1,1,0,1,Crossref,exact_openalex_source_match,Australasian Orthodontic Journal,https://openalex.org/S4210177234,2207-7472,2207-7472; 2207-7480,Exeley Inc,1291,1.000,normalized venue title exactly matched an OpenAlex source display_name
Automation Modern Techologies,1,1,1,0,Crossref,exact_openalex_source_match,Automation Modern Techologies,https://openalex.org/S4210228617,0869-4931,0869-4931,,531,1.000,normalized venue title exactly matched an OpenAlex source display_name
Autonomous Intelligent Systems,1,1,0,1,Crossref,exact_openalex_source_match,Autonomous Intelligent Systems,https://openalex.org/S4210227358,2730-616X,2730-616X,Springer Nature,129,1.000,normalized venue title exactly matched an OpenAlex source display_name
Biomedical Materials for Multi-functional Applications,1,1,0,1,Crossref,exact_openalex_source_match,Biomedical materials for multi-functional applications,https://openalex.org/S4393919392,2731-9695,2731-9695; 2731-9709,,189,1.000,normalized venue title exactly matched an OpenAlex source display_name
Blockchain and Digital Twins for Smart Hospital Infrastructures,1,1,0,1,Crossref,no_openalex_source_match,,,,,,,,no close OpenAlex source display_name found in top 5 search results
Blucher Design Proceedings,1,1,0,1,Crossref,exact_openalex_source_match,Blucher Design Proceedings,https://openalex.org/S4386872181,2318-6968,2318-6968,,121,1.000,normalized venue title exactly matched an OpenAlex source display_name
Bulletin of the Polytechnic Institute of Iași. Machine constructions Section,1,1,0,1,Crossref,no_openalex_source_match,,,,,,,,no close OpenAlex source display_name found in top 5 search results
CAD'25,1,1,1,0,Crossref,no_openalex_source_match,,,,,,,,no close OpenAlex source display_name found in top 5 search results
Canadian Metallurgical Quarterly,1,1,0,1,Crossref,exact_openalex_source_match,Canadian Metallurgical Quarterly,https://openalex.org/S171358856,0008-4433,0008-4433; 1879-1395,Taylor & Francis,6158,1.000,normalized venue title exactly matched an OpenAlex source display_name
Cement and Concrete Composites,1,1,0,1,Crossref,exact_openalex_source_match,Cement and Concrete Composites,https://openalex.org/S123887920,0958-9465,0958-9465; 1873-393X,Elsevier BV,6451,1.000,normalized venue title exactly matched an OpenAlex source display_name
Chem,1,1,0,1,Crossref,exact_openalex_source_match,Chem,https://openalex.org/S2898106599,2451-9294,2451-9294; 2451-9308,Elsevier BV,2823,1.000,normalized venue title exactly matched an OpenAlex source display_name
Chemical Communications,1,1,1,0,Crossref,exact_openalex_source_match,Chemical Communications,https://openalex.org/S152760256,1359-7345,1359-7345; 1364-548X,Royal Society of Chemistry,77751,1.000,normalized venue title exactly matched an OpenAlex source display_name
Chemical Science,1,1,1,0,Crossref,exact_openalex_source_match,Chemical Science,https://openalex.org/S184645833,2041-6520,2041-6520; 2041-6539,Royal Society of Chemistry,20832,1.000,normalized venue title exactly matched an OpenAlex source display_name
Chinese Science Bulletin,1,1,1,0,Crossref,exact_openalex_source_match,Chinese Science Bulletin,https://openalex.org/S4210205735,1001-6538,1001-6538; 1861-9541,Springer Nature,10484,1.000,normalized venue title exactly matched an OpenAlex source display_name
Cognizance Journal of Multidisciplinary Studies,1,1,0,1,Crossref,exact_openalex_source_match,Cognizance Journal of Multidisciplinary Studies,https://openalex.org/S4210212843,0976-7797,0976-7797,,1413,1.000,normalized venue title exactly matched an OpenAlex source display_name
Communications in Computer and Information Science,1,1,0,1,Crossref,exact_openalex_source_match,Communications in computer and information science,https://openalex.org/S2764900261,1865-0929,1865-0929; 1865-0937,Springer Science+Business Media,93815,1.000,normalized venue title exactly matched an OpenAlex source display_name
Composites Science and Technology,1,1,0,1,Crossref,exact_openalex_source_match,Composites Science and Technology,https://openalex.org/S52442148,0266-3538,0266-3538; 1879-1050,Elsevier BV,12285,1.000,normalized venue title exactly matched an OpenAlex source display_name
Computational Materials Science,1,1,1,0,Crossref,exact_openalex_source_match,Computational Materials Science,https://openalex.org/S26018076,0927-0256,0927-0256; 1879-0801,Elsevier BV,14229,1.000,normalized venue title exactly matched an OpenAlex source display_name
Computational Techniques for Smart Manufacturing in Industry 5.0,1,1,0,1,Crossref,no_openalex_source_match,,,,,,,,no close OpenAlex source display_name found in top 5 search results
Computer-Aided Design and Applications,1,1,0,1,Crossref,exact_openalex_source_match,Computer-Aided Design and Applications,https://openalex.org/S143715161,1686-4360,1686-4360,Taylor & Francis,3128,1.000,normalized venue title exactly matched an OpenAlex source display_name
Computers & Industrial Engineering,1,1,0,1,Crossref,exact_openalex_source_match,Computers & Industrial Engineering,https://openalex.org/S196821226,0360-8352,0360-8352; 1879-0550,Elsevier BV,13368,1.000,normalized venue title exactly matched an OpenAlex source display_name
Computers & Security,1,1,0,1,Crossref,exact_openalex_source_match,Computers & Security,https://openalex.org/S12529635,0167-4048,0167-4048; 1872-6208,Elsevier BV,9778,1.000,normalized venue title exactly matched an OpenAlex source display_name
Computers & Structures,1,1,0,1,Crossref,exact_openalex_source_match,Computers & Structures,https://openalex.org/S111482492,0045-7949,0045-7949; 1879-2243,Elsevier BV,13254,1.000,normalized venue title exactly matched an OpenAlex source display_name
Computers in Industry,1,1,1,0,Crossref,exact_openalex_source_match,Computers in Industry,https://openalex.org/S60779006,0166-3615,0166-3615; 1872-6194,Elsevier BV,4713,1.000,normalized venue title exactly matched an OpenAlex source display_name
Construction Research Congress 2024,1,1,1,0,Crossref,no_openalex_source_match,,,,,,,,no close OpenAlex source display_name found in top 5 search results
Construction Robotics,1,1,0,1,Crossref,exact_openalex_source_match,Construction Robotics,https://openalex.org/S4210233847,2509-811X,2509-811X; 2509-8780,Springer Science+Business Media,186,1.000,normalized venue title exactly matched an OpenAlex source display_name
Creating Smart and Safe Manufacturing Environments,1,1,0,1,Crossref,no_openalex_source_match,,,,,,,,no close OpenAlex source display_name found in top 5 search results
Crystal Growth & Design,1,1,0,1,Crossref,exact_openalex_source_match,Crystal Growth & Design,https://openalex.org/S16561315,1528-7483,1528-7483; 1528-7505,American Chemical Society,17406,1.000,normalized venue title exactly matched an OpenAlex source display_name
Cyborg and Bionic Systems,1,1,1,0,Crossref,exact_openalex_source_match,Cyborg and Bionic Systems,https://openalex.org/S4210209220,2097-1087,2097-1087; 2692-7632,American Association for the Advancement of Science,292,1.000,normalized venue title exactly matched an OpenAlex source display_name
Data Analytics and Artificial Intelligence for Predictive Maintenance in Smart Manufacturing,1,1,0,1,Crossref,no_openalex_source_match,,,,,,,,no close OpenAlex source display_name found in top 5 search results
Desalination,1,1,0,1,Crossref,exact_openalex_source_match,Desalination,https://openalex.org/S86512602,0011-9164,0011-9164; 1873-4464,Elsevier BV,20927,1.000,normalized venue title exactly matched an OpenAlex source display_name
Digital Manufacturing in Industry 5.0,1,1,0,1,Crossref,no_openalex_source_match,,,,,,,,no close OpenAlex source display_name found in top 5 search results
Digital Product Design and Manufacturing,1,1,0,1,Crossref,no_openalex_source_match,,,,,,,,no close OpenAlex source display_name found in top 5 search results
Digital Science,1,1,0,1,Crossref,no_openalex_source_match,Journal of Digital Science,https://openalex.org/S4210211912,2686-8296,2686-8296,,96,0.732,no close OpenAlex source display_name found in top 5 search results
Digital Twin Adoption and BIM-GIS Implementation,1,1,0,1,Crossref,no_openalex_source_match,,,,,,,,no close OpenAlex source display_name found in top 5 search results
Digital Twin Technology and Applications,1,1,0,1,Crossref,no_openalex_source_match,,,,,,,,no close OpenAlex source display_name found in top 5 search results
Digital Twin Technology in Manufacturing: Tools for Real-Time Process Optimization,1,1,1,0,Crossref,no_openalex_source_match,,,,,,,,no close OpenAlex source display_name found in top 5 search results
"Digital Twin, Blockchain, and Sensor Networks in the Healthy and Mobile City",1,1,1,0,Crossref,no_openalex_source_match,,,,,,,,no close OpenAlex source display_name found in top 5 search results
Digital Twin-Driven Lifelong Learning Systems,1,1,0,1,Crossref,no_openalex_source_match,,,,,,,,no close OpenAlex source display_name found in top 5 search results
Digital Twins,1,1,0,1,Crossref,no_openalex_source_match,Digital twins and applications.,https://openalex.org/S4404664149,2995-2182,2995-2182; 2995-5629,,59,0.605,no close OpenAlex source display_name found in top 5 search results
Digital Twins and Applications,1,1,0,1,Crossref,exact_openalex_source_match,Digital twins and applications.,https://openalex.org/S4404664149,2995-2182,2995-2182; 2995-5629,,59,1.000,normalized venue title exactly matched an OpenAlex source display_name
"Digital Twins, AI, and NDE for Industry Applications and Energy Systems 2025",1,1,0,1,Crossref,no_openalex_source_match,,,,,,,,no close OpenAlex source display_name found in top 5 search results
DTCO and Computational Patterning V,1,1,0,1,Crossref,no_openalex_source_match,,,,,,,,no close OpenAlex source display_name found in top 5 search results
DYNA,1,1,1,0,Crossref,exact_openalex_source_match,DYNA,https://openalex.org/S194672249,0012-7353,0012-7353; 2346-2183,National University of Colombia,1680,1.000,normalized venue title exactly matched an OpenAlex source display_name
Emerging Digital Micromirror Device-based Systems and Applications XVIII,1,1,0,1,Crossref,no_openalex_source_match,,,,,,,,no close OpenAlex source display_name found in top 5 search results
Energy Conversion and Management,1,1,0,1,Crossref,exact_openalex_source_match,Energy Conversion and Management,https://openalex.org/S105637730,0196-8904,0196-8904; 1879-2227,Elsevier BV,22253,1.000,normalized venue title exactly matched an OpenAlex source display_name
Engineering Computations,1,1,0,1,Crossref,exact_openalex_source_match,Engineering Computations,https://openalex.org/S607880,0264-4401,0264-4401; 1758-7077,Emerald Publishing Limited,3171,1.000,normalized venue title exactly matched an OpenAlex source display_name
Engineering Cyber-Physical Systems and Critical Infrastructures,1,1,0,1,Crossref,exact_openalex_source_match,Engineering cyber-physical systems and critical infrastructures,https://openalex.org/S4393919290,2731-5002,2731-5002; 2731-5010,,494,1.000,normalized venue title exactly matched an OpenAlex source display_name
Engineering Drawing and Product Manufacturing Information with 3D Models,1,1,0,1,Crossref,no_openalex_source_match,,,,,,,,no close OpenAlex source display_name found in top 5 search results
Engineering Optimization,1,1,0,1,Crossref,exact_openalex_source_match,Engineering Optimization,https://openalex.org/S139857051,0305-215X,0305-215X; 1026-745X; 1029-0273,Taylor & Francis,3136,1.000,normalized venue title exactly matched an OpenAlex source display_name
Entropy,1,1,0,1,Crossref,exact_openalex_source_match,Entropy,https://openalex.org/S195231649,1099-4300,1099-4300,Multidisciplinary Digital Publishing Institute,14899,1.000,normalized venue title exactly matched an OpenAlex source display_name
EPJ Web of Conferences,1,1,1,0,Crossref,exact_openalex_source_match,EPJ Web of Conferences,https://openalex.org/S19068271,2100-014X,2100-014X; 2101-6275,EDP Sciences,27001,1.000,normalized venue title exactly matched an OpenAlex source display_name
Equilibrium. Quarterly Journal of Economics and Economic Policy,1,1,0,1,Crossref,exact_openalex_source_match,Equilibrium Quarterly Journal of Economics and Economic Policy,https://openalex.org/S2738413198,1689-765X,1689-765X; 2353-3293,"Institute of Economic Research, Polish Economic Society Branch in Toruń, Faculty of Economic Sciences and Management at Nicolaus",643,1.000,normalized venue title exactly matched an OpenAlex source display_name
Euro PM2025 Proceedings,1,1,0,1,Crossref,no_openalex_source_match,,,,,,,,no close OpenAlex source display_name found in top 5 search results
Evolutions in Mechanical Engineering,1,1,0,1,Crossref,exact_openalex_source_match,Evolutions in Mechanical Engineering,https://openalex.org/S4210220979,2640-9690,2640-9690,,207,1.000,normalized venue title exactly matched an OpenAlex source display_name
Exploring the Metaverse,1,1,1,0,Crossref,no_openalex_source_match,,,,,,,,no close OpenAlex source display_name found in top 5 search results
Flexible and Printed Electronics,1,1,1,0,Crossref,exact_openalex_source_match,Flexible and Printed Electronics,https://openalex.org/S4210231766,2058-8585,2058-8585,IOP Publishing,687,1.000,normalized venue title exactly matched an OpenAlex source display_name
Food Bioscience,1,1,0,1,Crossref,exact_openalex_source_match,Food Bioscience,https://openalex.org/S2764726840,2212-4292,2212-4292; 2212-4306,Elsevier BV,9054,1.000,normalized venue title exactly matched an OpenAlex source display_name
Food Hydrocolloids,1,1,0,1,Crossref,exact_openalex_source_match,Food Hydrocolloids,https://openalex.org/S168584722,0268-005X,0268-005X; 1873-7137,Elsevier BV,14170,1.000,normalized venue title exactly matched an OpenAlex source display_name
Foundations of Digital Twins,1,1,0,1,Crossref,no_openalex_source_match,,,,,,,,no close OpenAlex source display_name found in top 5 search results
Fourth International Conference on Electronic Information Engineering and Data Processing (EIEDP 2025),1,1,0,1,Crossref,no_openalex_source_match,,,,,,,,no close OpenAlex source display_name found in top 5 search results
Frontiers in Interdisciplinary Applied Science,1,1,1,0,Crossref,exact_openalex_source_match,Frontiers in Interdisciplinary Applied Science,https://openalex.org/S5407043490,3008-1394,3008-1394; 3008-1408,,39,1.000,normalized venue title exactly matched an OpenAlex source display_name
Frontiers in Nuclear Engineering,1,1,0,1,Crossref,exact_openalex_source_match,Frontiers in Nuclear Engineering,https://openalex.org/S4387282505,2813-3412,2813-3412,Frontiers Media,199,1.000,normalized venue title exactly matched an OpenAlex source display_name
Future Fat Alternatives,1,1,0,1,Crossref,no_openalex_source_match,,,,,,,,no close OpenAlex source display_name found in top 5 search results
Future Foods,1,1,0,1,Crossref,exact_openalex_source_match,Future Foods,https://openalex.org/S4210190877,2666-8335,2666-8335,Elsevier BV,1139,1.000,normalized venue title exactly matched an OpenAlex source display_name
Giant,1,1,0,1,Crossref,exact_openalex_source_match,Giant,https://openalex.org/S4210199024,2666-5425,2666-5425,Elsevier BV,392,1.000,normalized venue title exactly matched an OpenAlex source display_name
Global vision research,1,1,0,1,Crossref,exact_openalex_source_match,Global vision research,https://openalex.org/S5407053091,3041-0797,3041-0797; 3041-0843,,508,1.000,normalized venue title exactly matched an OpenAlex source display_name
Green Chemistry,1,1,1,0,Crossref,exact_openalex_source_match,Green Chemistry,https://openalex.org/S55009144,1463-9262,1463-9262; 1463-9270,Royal Society of Chemistry,15649,1.000,normalized venue title exactly matched an OpenAlex source display_name
Green Manufacturing Open,1,1,1,0,Crossref,exact_openalex_source_match,Green Manufacturing Open,https://openalex.org/S4387278664,2835-7590,2835-7590,,37,1.000,normalized venue title exactly matched an OpenAlex source display_name
Handbook of Digital Twins,1,1,0,1,Crossref,no_openalex_source_match,,,,,,,,no close OpenAlex source display_name found in top 5 search results
Hardware,1,1,1,0,Crossref,no_openalex_source_match,Virtual Reality & Intelligent Hardware,https://openalex.org/S4210224695,2096-5796,2096-5796; 2666-1209,Elsevier BV,280,0.333,no close OpenAlex source display_name found in top 5 search results
Hittite Journal of Science and Engineering,1,1,0,1,Crossref,no_openalex_source_match,,,,,,,,no close OpenAlex source display_name found in top 5 search results
IAF Microgravity Sciences and Processes Symposium,1,1,1,0,Crossref,no_openalex_source_match,,,,,,,,no close OpenAlex source display_name found in top 5 search results
IAF Space Power Symposium,1,1,0,1,Crossref,no_openalex_source_match,,,,,,,,no close OpenAlex source display_name found in top 5 search results
IEEE ICCBE 2025,1,1,0,1,Crossref,no_openalex_source_match,,,,,,,,no close OpenAlex source display_name found in top 5 search results
IEEE Latin America Transactions,1,1,0,1,Crossref,exact_openalex_source_match,IEEE Latin America Transactions,https://openalex.org/S86124554,1548-0992,1548-0992,Institute of Electrical and Electronics Engineers,5008,1.000,normalized venue title exactly matched an OpenAlex source display_name
IEEE Transactions on Industrial Informatics,1,1,0,1,Crossref,exact_openalex_source_match,IEEE Transactions on Industrial Informatics,https://openalex.org/S184777250,1551-3203,1551-3203; 1941-0050,Institute of Electrical and Electronics Engineers,10185,1.000,normalized venue title exactly matched an OpenAlex source display_name
IISE Transactions,1,1,0,1,Crossref,exact_openalex_source_match,IISE Transactions,https://openalex.org/S4210225672,2472-5854,2472-5854; 2472-5862,Taylor & Francis,928,1.000,normalized venue title exactly matched an OpenAlex source display_name
IJAMM,1,1,1,0,Crossref,no_openalex_source_match,,,,,,,,no close OpenAlex source display_name found in top 5 search results
Incertitudes et fiabilité des systèmes multiphysiques,1,1,0,1,Crossref,exact_openalex_source_match,Incertitudes et fiabilité des systèmes multiphysiques,https://openalex.org/S4210240417,2514-569X,2514-569X,,106,1.000,normalized venue title exactly matched an OpenAlex source display_name
Industrial Robotics in Smart Manufacturing,1,1,0,1,Crossref,no_openalex_source_match,,,,,,,,no close OpenAlex source display_name found in top 5 search results
Industry 4.0 for Manufacturing Systems,1,1,0,1,Crossref,no_openalex_source_match,,,,,,,,no close OpenAlex source display_name found in top 5 search results
Innovations in Advanced Materials and Manufacturing,1,1,0,1,Crossref,no_openalex_source_match,,,,,,,,no close OpenAlex source display_name found in top 5 search results
Innovative Produktentwicklung durch additive Fertigung,1,1,0,1,Crossref,no_openalex_source_match,,,,,,,,no close OpenAlex source display_name found in top 5 search results
"Intelligent Industry Ecosystems and Manufacturing Renaissance: Designing Autonomous Production, Supply Orchestration, and Connected Retail Infrastructure",1,1,0,1,Crossref,no_openalex_source_match,,,,,,,,no close OpenAlex source display_name found in top 5 search results
Intelligent Machinery Fault Diagnostics and Prognostics,1,1,0,1,Crossref,no_openalex_source_match,,,,,,,,no close OpenAlex source display_name found in top 5 search results
Intelligent Security Solutions for Cyber-Physical Systems,1,1,0,1,Crossref,no_openalex_source_match,,,,,,,,no close OpenAlex source display_name found in top 5 search results
International Academic Journal of Science and Engineering,1,1,0,1,Crossref,exact_openalex_source_match,International Academic Journal of Science and Engineering,https://openalex.org/S4210225820,2454-3896,2454-3896,,445,1.000,normalized venue title exactly matched an OpenAlex source display_name
International Conference on Computer Application and Information Security (ICCAIS 2025),1,1,0,1,Crossref,no_openalex_source_match,,,,,,,,no close OpenAlex source display_name found in top 5 search results
International Journal of Adhesion and Adhesives,1,1,0,1,Crossref,exact_openalex_source_match,International Journal of Adhesion and Adhesives,https://openalex.org/S86637577,0143-7496,0143-7496; 1879-0127,Elsevier BV,5543,1.000,normalized venue title exactly matched an OpenAlex source display_name
International Journal of Applied Ceramic Technology,1,1,0,1,Crossref,exact_openalex_source_match,International Journal of Applied Ceramic Technology,https://openalex.org/S75568645,1546-542X,1546-542X; 1744-7402,Wiley,4480,1.000,normalized venue title exactly matched an OpenAlex source display_name
International Journal of Artificial Intelligence Engineering and Transformation,1,1,0,1,Crossref,exact_openalex_source_match,International Journal of Artificial Intelligence Engineering and Transformation,https://openalex.org/S5407051489,3051-3383,3051-3383; 3051-3391,,45,1.000,normalized venue title exactly matched an OpenAlex source display_name
International Journal of Clothing Science and Technology,1,1,0,1,Crossref,exact_openalex_source_match,International Journal of Clothing Science and Technology,https://openalex.org/S36303399,0955-6222,0955-6222; 1758-5953,Emerald Publishing Limited,1555,1.000,normalized venue title exactly matched an OpenAlex source display_name
"International Journal of Control, Automation and Systems",1,1,0,1,Crossref,exact_openalex_source_match,International Journal of Control Automation and Systems,https://openalex.org/S4398839,1598-6446,1598-6446; 2005-4092,Springer Science+Business Media,4598,1.000,normalized venue title exactly matched an OpenAlex source display_name
International Journal of Emerging Research in Engineering and Technology,1,1,0,1,Crossref,exact_openalex_source_match,International Journal of Emerging Research in Engineering and Technology,https://openalex.org/S5407047513,3050-922X,3050-922X,,468,1.000,normalized venue title exactly matched an OpenAlex source display_name
International Journal of Engineering Trends and Technology,1,1,0,1,Crossref,exact_openalex_source_match,International Journal of Engineering Trends and Technology,https://openalex.org/S4210182968,2231-5381,2231-5381; 2349-0918,,6468,1.000,normalized venue title exactly matched an OpenAlex source display_name
International Journal of Fatigue,1,1,0,1,Crossref,exact_openalex_source_match,International Journal of Fatigue,https://openalex.org/S71623918,0142-1123,0142-1123; 1879-3452,Elsevier BV,14723,1.000,normalized venue title exactly matched an OpenAlex source display_name
International Journal of Frontiers in Engineering Technology,1,1,0,1,Crossref,exact_openalex_source_match,International Journal of Frontiers in Engineering Technology,https://openalex.org/S4210208570,2706-655X,2706-655X,,588,1.000,normalized venue title exactly matched an OpenAlex source display_name
International Journal of Industrial Engineering and Management,1,1,0,1,Crossref,exact_openalex_source_match,International Journal of Industrial Engineering and Management,https://openalex.org/S4210178803,2217-2661,2217-2661; 2683-345X,,488,1.000,normalized venue title exactly matched an OpenAlex source display_name
International Journal of Innovation and Industrial Revolution,1,1,1,0,Crossref,exact_openalex_source_match,International Journal of Innovation and Industrial Revolution,https://openalex.org/S4210170620,2637-0972,2637-0972,,307,1.000,normalized venue title exactly matched an OpenAlex source display_name
International Journal of Lightweight Materials and Manufacture,1,1,0,1,Crossref,exact_openalex_source_match,International Journal of Lightweight Materials and Manufacture,https://openalex.org/S2898364864,2588-8404,2588-8404; 2589-7225,Elsevier BV,498,1.000,normalized venue title exactly matched an OpenAlex source display_name
International Journal of Modeling and Optimization,1,1,0,1,Crossref,exact_openalex_source_match,International Journal of Modeling and Optimization,https://openalex.org/S2764757185,2010-3697,2010-3697,,848,1.000,normalized venue title exactly matched an OpenAlex source display_name
International Journal of Multidisciplinary: Applied Business and Education Research,1,1,0,1,Crossref,exact_openalex_source_match,International Journal of Multidisciplinary Applied Business and Education Research,https://openalex.org/S4210198981,2774-5368,2774-5368,,1859,1.000,normalized venue title exactly matched an OpenAlex source display_name
International Journal of Pressure Vessels and Piping,1,1,0,1,Crossref,exact_openalex_source_match,International Journal of Pressure Vessels and Piping,https://openalex.org/S14064848,0308-0161,0308-0161; 1879-3541,Elsevier BV,6265,1.000,normalized venue title exactly matched an OpenAlex source display_name
International Journal of Recent Technology and Engineering (IJRTE),1,1,0,1,Crossref,exact_openalex_source_match,International Journal of Recent Technology and Engineering (IJRTE),https://openalex.org/S4210169567,2277-3878,2277-3878,,11649,1.000,normalized venue title exactly matched an OpenAlex source display_name
INTERNATIONAL JOURNAL OF SCIENTIFIC RESEARCH IN ENGINEERING AND MANAGEMENT,1,1,0,1,Crossref,no_openalex_source_match,,,,,,,,no close OpenAlex source display_name found in top 5 search results
International Journal of Sustainability and Innovation in Engineering,1,1,0,1,Crossref,exact_openalex_source_match,International Journal of Sustainability and Innovation in Engineering,https://openalex.org/S5407052592,2995-9438,2995-9438,,35,1.000,normalized venue title exactly matched an OpenAlex source display_name
International Materials Reviews,1,1,0,1,Crossref,exact_openalex_source_match,International Materials Reviews,https://openalex.org/S69687699,0950-6608,0950-6608; 1743-2804,Taylor & Francis,1372,1.000,normalized venue title exactly matched an OpenAlex source display_name
IOCPS 2025,1,1,1,0,Crossref,no_openalex_source_match,,,,,,,,no close OpenAlex source display_name found in top 5 search results
Iqtisodiy taraqqiyot va tahlil,1,1,0,1,Crossref,exact_openalex_source_match,Iqtisodiy taraqqiyot va tahlil,https://openalex.org/S4387291085,2992-877X,2992-877X,,1849,1.000,normalized venue title exactly matched an OpenAlex source display_name
JADI (Jurnal Teknik Industri),1,1,0,1,Crossref,exact_openalex_source_match,JADI (Jurnal Teknik Industri),https://openalex.org/S7407057998,3124-7997,3124-7997; 3124-8004,,11,1.000,normalized venue title exactly matched an OpenAlex source display_name
Journal of Applied Mathematics and Physics,1,1,0,1,Crossref,exact_openalex_source_match,Journal of Applied Mathematics and Physics,https://openalex.org/S2764580047,2327-4352,2327-4352; 2327-4379,Scientific Research Publishing,2890,1.000,normalized venue title exactly matched an OpenAlex source display_name
Journal of Artificial Intelligence & Cloud Computing,1,1,0,1,Crossref,exact_openalex_source_match,Journal of Artificial Intelligence & Cloud Computing,https://openalex.org/S4387280634,2754-6659,2754-6659,,712,1.000,normalized venue title exactly matched an OpenAlex source display_name
Journal of Computer Science and Artificial Intelligence,1,1,0,1,Crossref,exact_openalex_source_match,Journal of Computer Science and Artificial Intelligence,https://openalex.org/S5407049135,3078-2309,3078-2309; 3078-8242,,179,1.000,normalized venue title exactly matched an OpenAlex source display_name
"Journal of Cybersecurity Education, Research and Practice",1,1,1,0,Crossref,exact_openalex_source_match,Journal of Cybersecurity Education Research and Practice,https://openalex.org/S4387287378,2472-2707,2472-2707,,165,1.000,normalized venue title exactly matched an OpenAlex source display_name
Journal of Future Digital Optimization,1,1,0,1,Crossref,exact_openalex_source_match,Journal of Future Digital Optimization,https://openalex.org/S5407040524,2982-3625,2982-3625,,6,1.000,normalized venue title exactly matched an OpenAlex source display_name
Journal of Hip Preservation Surgery,1,1,0,1,Crossref,exact_openalex_source_match,Journal of Hip Preservation Surgery,https://openalex.org/S2735648559,2054-8397,2054-8397,Oxford University Press,1629,1.000,normalized venue title exactly matched an OpenAlex source display_name
Journal of Industrial Information Integration,1,1,0,1,Crossref,exact_openalex_source_match,Journal of Industrial Information Integration,https://openalex.org/S2898195457,2452-414X,2452-414X; 2467-964X,Elsevier BV,895,1.000,normalized venue title exactly matched an OpenAlex source display_name
Journal of Materials and Mechatronics: A,1,1,1,0,Crossref,exact_openalex_source_match,Journal of Materials and Mechatronics A,https://openalex.org/S4387278868,2717-8811,2717-8811,,127,1.000,normalized venue title exactly matched an OpenAlex source display_name
Journal of Materials Chemistry A,1,1,0,1,Crossref,exact_openalex_source_match,Journal of Materials Chemistry A,https://openalex.org/S2764437742,2050-7488,2050-7488; 2050-7496,Royal Society of Chemistry,39048,1.000,normalized venue title exactly matched an OpenAlex source display_name
Journal of Materials Science & Technology,1,1,1,0,Crossref,possible_openalex_source_match,Journal of Material Science and Technology,https://openalex.org/S135187643,1005-0302,1005-0302; 1941-1162,Elsevier BV,10964,0.988,best title similarity 0.99; inspect manually
Journal of Mechanisms and Robotics,1,1,0,1,Crossref,exact_openalex_source_match,Journal of Mechanisms and Robotics,https://openalex.org/S198805599,1942-4302,1942-4302; 1942-4310,ASM International,1905,1.000,normalized venue title exactly matched an OpenAlex source display_name
Journal of Molecular Liquids,1,1,0,1,Crossref,exact_openalex_source_match,Journal of Molecular Liquids,https://openalex.org/S189140625,0167-7322,0167-7322; 1873-3166,Elsevier BV,28656,1.000,normalized venue title exactly matched an OpenAlex source display_name
Journal of Physics: Conference Series,1,1,0,1,Crossref,exact_openalex_source_match,Journal of Physics Conference Series,https://openalex.org/S4210187594,1742-6588,1742-6588; 1742-6596,IOP Publishing,217437,1.000,normalized venue title exactly matched an OpenAlex source display_name
Journal of Physics: Materials,1,1,0,1,Crossref,exact_openalex_source_match,Journal of Physics Materials,https://openalex.org/S4210204056,2515-7639,2515-7639,IOP Publishing,570,1.000,normalized venue title exactly matched an OpenAlex source display_name
Journal of Polymer Materials,1,1,1,0,Crossref,exact_openalex_source_match,JOURNAL OF POLYMER MATERIALS,https://openalex.org/S199798058,0973-8622,0973-8622; 0976-3449,,309,1.000,normalized venue title exactly matched an OpenAlex source display_name
Journal of Power Sources,1,1,1,0,Crossref,exact_openalex_source_match,Journal of Power Sources,https://openalex.org/S177147899,0378-7753,0378-7753; 1873-2755,Elsevier BV,40951,1.000,normalized venue title exactly matched an OpenAlex source display_name
Journal of Sustainable Development and Policy,1,1,0,1,Crossref,possible_openalex_source_match,Journal of Sustainable Development Law and Policy (The),https://openalex.org/S2738795853,2467-8392,2467-8392; 2467-8406,Afe Babalola University,349,0.957,best title similarity 0.96; inspect manually
Journal of Technology and Systems,1,1,1,0,Crossref,no_openalex_source_match,Journal of Systems and Information Technology,https://openalex.org/S39868070,1328-7265,1328-7265; 1758-8847,Emerald Publishing Limited,474,0.538,no close OpenAlex source display_name found in top 5 search results
"Journal of Textiles, Coloration and Polymer Science",1,1,0,1,Crossref,exact_openalex_source_match,Journal of Textiles Coloration and Polymer Science,https://openalex.org/S4210177975,1110-600X,1110-600X; 2682-1958; 2682-2024,,258,1.000,normalized venue title exactly matched an OpenAlex source display_name
Journal of the European Ceramic Society,1,1,1,0,Crossref,exact_openalex_source_match,Journal of the European Ceramic Society,https://openalex.org/S158447136,0955-2219,0955-2219; 1873-619X,Elsevier BV,18186,1.000,normalized venue title exactly matched an OpenAlex source display_name
Key Engineering Materials,1,1,0,1,Crossref,exact_openalex_source_match,Key engineering materials,https://openalex.org/S75411654,1013-9826,1013-9826; 1662-9795; 1662-9809,Trans Tech Publications,65040,1.000,normalized venue title exactly matched an OpenAlex source display_name
Laser & Photonics Reviews,1,1,1,0,Crossref,possible_openalex_source_match,Laser & Photonics Review,https://openalex.org/S95928045,1863-8880,1863-8880; 1863-8899,Wiley,5567,0.981,best title similarity 0.98; inspect manually
Laser Applications in Microelectronic and Optoelectronic Manufacturing (LAMOM) XXIX,1,1,0,1,Crossref,no_openalex_source_match,,,,,,,,no close OpenAlex source display_name found in top 5 search results
Lecture Notes in Electrical Engineering,1,1,0,1,Crossref,exact_openalex_source_match,Lecture notes in electrical engineering,https://openalex.org/S4210179954,1876-1100,1876-1100; 1876-1119,Springer Science+Business Media,94100,1.000,normalized venue title exactly matched an OpenAlex source display_name
Lecture Notes in Networks and Systems,1,1,1,0,Crossref,exact_openalex_source_match,Lecture notes in networks and systems,https://openalex.org/S4210169156,2367-3370,2367-3370; 2367-3389,Springer International Publishing,92366,1.000,normalized venue title exactly matched an OpenAlex source display_name
Lighting Engineering & Power Engineering,1,1,0,1,Crossref,exact_openalex_source_match,Lighting Engineering & Power Engineering,https://openalex.org/S4210179229,2079-424X,2079-424X; 2415-3923,O.M. Beketov National University of Urban Economy in Kharkiv,177,1.000,normalized venue title exactly matched an OpenAlex source display_name
Liquid Crystals,1,1,0,1,Crossref,exact_openalex_source_match,Liquid Crystals,https://openalex.org/S15647332,0267-8292,0267-8292; 1366-5855,Taylor & Francis,8087,1.000,normalized venue title exactly matched an OpenAlex source display_name
Lubrication Science,1,1,0,1,Crossref,exact_openalex_source_match,Lubrication Science,https://openalex.org/S153217397,0954-0075,0954-0075; 1557-6833,Wiley,1537,1.000,normalized venue title exactly matched an OpenAlex source display_name
Makine Mühendisliğinde Yenilikçi İmalat Teknolojileri ve Malzeme Bilimi,1,1,0,1,Crossref,no_openalex_source_match,,,,,,,,no close OpenAlex source display_name found in top 5 search results
Materials Characterization,1,1,0,1,Crossref,exact_openalex_source_match,Materials Characterization,https://openalex.org/S53842986,1044-5803,1044-5803; 1873-4189,Elsevier BV,12151,1.000,normalized venue title exactly matched an OpenAlex source display_name
Materials Letters,1,1,0,1,Crossref,exact_openalex_source_match,Materials Letters,https://openalex.org/S55626769,0167-577X,0167-577X; 1873-4979,Elsevier BV,41953,1.000,normalized venue title exactly matched an OpenAlex source display_name
Materials Research Express,1,1,0,1,Crossref,exact_openalex_source_match,Materials Research Express,https://openalex.org/S4210216311,2053-1591,2053-1591,IOP Publishing,15708,1.000,normalized venue title exactly matched an OpenAlex source display_name
Materials Science and Engineering: B,1,1,0,1,Crossref,exact_openalex_source_match,Materials Science and Engineering B,https://openalex.org/S4210190818,0921-5107,0921-5107; 1873-4944,Elsevier BV,15894,1.000,normalized venue title exactly matched an OpenAlex source display_name
"Materials, Techniques, and Ecological Impact of Sustainable Prototyping",1,1,0,1,Crossref,no_openalex_source_match,,,,,,,,no close OpenAlex source display_name found in top 5 search results
Mechanisms and Machine Science,1,1,0,1,Crossref,exact_openalex_source_match,Mechanisms and machine science,https://openalex.org/S4210194614,2211-0984,2211-0984; 2211-0992,Springer Nature (Netherlands),10101,1.000,normalized venue title exactly matched an OpenAlex source display_name
Medical Informatics IV,1,1,1,0,Crossref,no_openalex_source_match,,,,,,,,no close OpenAlex source display_name found in top 5 search results
Medical Modeling,1,1,1,0,Crossref,no_openalex_source_match,,,,,,,,no close OpenAlex source display_name found in top 5 search results
Metallurgical and Materials Transactions B,1,1,0,1,Crossref,exact_openalex_source_match,Metallurgical and Materials Transactions B,https://openalex.org/S68503223,1073-5615,1073-5615; 1543-1916,Springer Science+Business Media,6881,1.000,normalized venue title exactly matched an OpenAlex source display_name
Metals Advances,1,1,0,1,Crossref,exact_openalex_source_match,Metals Advances,https://openalex.org/S5407055709,3117-7220,3117-7220,,75,1.000,normalized venue title exactly matched an OpenAlex source display_name
Microsystems & Nanoengineering,1,1,1,0,Crossref,exact_openalex_source_match,Microsystems & Nanoengineering,https://openalex.org/S2739050901,2055-7434,2055-7434; 2096-1030,Springer Nature,1449,1.000,normalized venue title exactly matched an OpenAlex source display_name
"Modeling, Analysis, and Control of 3D Printing Processes",1,1,0,1,Crossref,no_openalex_source_match,,,,,,,,no close OpenAlex source display_name found in top 5 search results
Modelling,1,1,0,1,Crossref,no_openalex_source_match,Economic Modelling,https://openalex.org/S141184754,0264-9993,0264-9993; 1873-6122,Elsevier BV,6731,0.667,no close OpenAlex source display_name found in top 5 search results
Motion and Path Planning for Additive Manufacturing,1,1,0,1,Crossref,no_openalex_source_match,,,,,,,,no close OpenAlex source display_name found in top 5 search results
Műszaki Katonai Közlöny,1,1,0,1,Crossref,exact_openalex_source_match,Műszaki Katonai Közlöny,https://openalex.org/S4306520397,1219-4166,1219-4166; 2063-4986,,551,1.000,normalized venue title exactly matched an OpenAlex source display_name
Nano Energy,1,1,0,1,Crossref,exact_openalex_source_match,Nano Energy,https://openalex.org/S2497301991,2211-2855,2211-2855; 2211-3282,Elsevier BV,11386,1.000,normalized venue title exactly matched an OpenAlex source display_name
Nature Computational Science,1,1,0,1,Crossref,exact_openalex_source_match,Nature Computational Science,https://openalex.org/S4210228084,2662-8457,2662-8457,Nature Portfolio,1004,1.000,normalized venue title exactly matched an OpenAlex source display_name
Nature Reviews Materials,1,1,1,0,Crossref,exact_openalex_source_match,Nature Reviews Materials,https://openalex.org/S2764917516,2058-8437,2058-8437,Nature Portfolio,1162,1.000,normalized venue title exactly matched an OpenAlex source display_name
NaUKMA Research Papers. Computer Science,1,1,1,0,Crossref,exact_openalex_source_match,NaUKMA Research Papers Computer Science,https://openalex.org/S4210236306,2617-3808,2617-3808; 2617-7323,National University of Kyiv-Mohyla Academy,144,1.000,normalized venue title exactly matched an OpenAlex source display_name
Next-Generation Electronic Textiles and Conductive Materials for Smart Wearables,1,1,0,1,Crossref,no_openalex_source_match,,,,,,,,no close OpenAlex source display_name found in top 5 search results
Optica Digital Holography and Three-Dimensional Imaging 2024 (DH),1,1,1,0,Crossref,no_openalex_source_match,,,,,,,,no close OpenAlex source display_name found in top 5 search results
Optics & Laser Technology,1,1,0,1,Crossref,exact_openalex_source_match,Optics & Laser Technology,https://openalex.org/S112574528,0030-3992,0030-3992; 1879-2545,Elsevier BV,18245,1.000,normalized venue title exactly matched an OpenAlex source display_name
Optimization and Engineering,1,1,0,1,Crossref,exact_openalex_source_match,Optimization and Engineering,https://openalex.org/S26994821,1389-4420,1389-4420; 1573-2924,Springer Science+Business Media,1243,1.000,normalized venue title exactly matched an OpenAlex source display_name
Photonics Research,1,1,1,0,Crossref,exact_openalex_source_match,Photonics Research,https://openalex.org/S2764698263,2327-9125,2327-9125,Optica Publishing Group,3011,1.000,normalized venue title exactly matched an OpenAlex source display_name
Pigment & Resin Technology,1,1,1,0,Crossref,exact_openalex_source_match,Pigment & Resin Technology,https://openalex.org/S178140815,0369-9420,0369-9420; 1758-6941,Emerald Publishing Limited,8064,1.000,normalized venue title exactly matched an OpenAlex source display_name
Polimery,1,1,0,1,Crossref,exact_openalex_source_match,Polimery,https://openalex.org/S11544407,0032-2725,0032-2725,Industrial Chemistry Research Institute,4686,1.000,normalized venue title exactly matched an OpenAlex source display_name
Pollack Periodica,1,1,1,0,Crossref,exact_openalex_source_match,Pollack Periodica,https://openalex.org/S157684461,1788-1994,1788-1994; 1788-3911,Akadémiai Kiadó,1309,1.000,normalized venue title exactly matched an OpenAlex source display_name
Polymer Reviews,1,1,0,1,Crossref,exact_openalex_source_match,Polymer Reviews,https://openalex.org/S166852190,1558-3716,1558-3716; 1558-3724,Taylor & Francis,445,1.000,normalized venue title exactly matched an OpenAlex source display_name
Polymer Testing,1,1,0,1,Crossref,exact_openalex_source_match,Polymer Testing,https://openalex.org/S157859649,0142-9418,0142-9418; 1873-2348,Elsevier BV,7915,1.000,normalized venue title exactly matched an OpenAlex source display_name
Procceedings of the 13th Brazilian Congress on Manufacturing Engineering,1,1,1,0,Crossref,no_openalex_source_match,,,,,,,,no close OpenAlex source display_name found in top 5 search results
Proceedings & Highlights -Emerging Tech Conference Edge Intelligence 2022,1,1,0,1,Crossref,no_openalex_source_match,,,,,,,,no close OpenAlex source display_name found in top 5 search results
Proceedings of NordDesign 2024,1,1,0,1,Crossref,no_openalex_source_match,,,,,,,,no close OpenAlex source display_name found in top 5 search results
Proceedings of the 12th International Conference on Fracture Mechanics for Concrete and Concrete Structures,1,1,0,1,Crossref,no_openalex_source_match,,,,,,,,no close OpenAlex source display_name found in top 5 search results
"Proceedings of the 15th International Conference on Simulation and Modeling Methodologies, Technologies and Applications",1,1,1,0,Crossref,no_openalex_source_match,,,,,,,,no close OpenAlex source display_name found in top 5 search results
Proceedings of the 16th International Conference on Business and Information (ICBI) - 2025,1,1,0,1,Crossref,no_openalex_source_match,,,,,,,,no close OpenAlex source display_name found in top 5 search results
Proceedings of the 2026 CHI Conference on Human Factors in Computing Systems,1,1,0,1,Crossref,no_openalex_source_match,,,,,,,,no close OpenAlex source display_name found in top 5 search results
"Proceedings of the 22nd International Conference on Informatics in Control, Automation and Robotics",1,1,1,0,Crossref,no_openalex_source_match,,,,,,,,no close OpenAlex source display_name found in top 5 search results
Proceedings of the 27th International Congress of Mechanical Engineering,1,1,0,1,Crossref,no_openalex_source_match,,,,,,,,no close OpenAlex source display_name found in top 5 search results
Proceedings of the 28th International Congress of Mechanical Engineering,1,1,1,0,Crossref,no_openalex_source_match,,,,,,,,no close OpenAlex source display_name found in top 5 search results
Proceedings of the 30th International Conference on 3D Web Technology,1,1,0,1,Crossref,no_openalex_source_match,,,,,,,,no close OpenAlex source display_name found in top 5 search results
Proceedings of the 3rd International Conference on Futuristic Technology,1,1,0,1,Crossref,no_openalex_source_match,,,,,,,,no close OpenAlex source display_name found in top 5 search results
Proceedings of the 7th URSI Asia-Pacific RadioScience Conference – AP-RASC 2025,1,1,0,1,Crossref,no_openalex_source_match,,,,,,,,no close OpenAlex source display_name found in top 5 search results
"Proceedings of the Institution of Mechanical Engineers, Part L: Journal of Materials: Design and Applications",1,1,0,1,Crossref,exact_openalex_source_match,Proceedings of the Institution of Mechanical Engineers Part L Journal of Materials Design and Applications,https://openalex.org/S986594421,1464-4207,1464-4207; 2041-3076,SAGE Publishing,2289,1.000,normalized venue title exactly matched an OpenAlex source display_name
Proceedings of the Special Interest Group on Computer Graphics and Interactive Techniques Conference Conference Papers,1,1,0,1,Crossref,no_openalex_source_match,,,,,,,,no close OpenAlex source display_name found in top 5 search results
Process Integration and Optimization for Sustainability,1,1,0,1,Crossref,exact_openalex_source_match,Process Integration and Optimization for Sustainability,https://openalex.org/S4210203412,2509-4238,2509-4238; 2509-4246,Springer Science+Business Media,778,1.000,normalized venue title exactly matched an OpenAlex source display_name
Process Safety and Environmental Protection,1,1,0,1,Crossref,exact_openalex_source_match,Process Safety and Environmental Protection,https://openalex.org/S166351637,0263-8762,0263-8762; 0957-5820; 1744-3563; 1744-3598; 1876-4800,Elsevier BV,20562,1.000,normalized venue title exactly matched an OpenAlex source display_name
Production & Manufacturing Research,1,1,0,1,Crossref,exact_openalex_source_match,Production & Manufacturing Research,https://openalex.org/S2736787360,2169-3277,2169-3277,Taylor & Francis,375,1.000,normalized venue title exactly matched an OpenAlex source display_name
Research in Nondestructive Evaluation,1,1,0,1,Crossref,exact_openalex_source_match,Research in Nondestructive Evaluation,https://openalex.org/S71069434,0934-9847,0934-9847; 1432-2110,Taylor & Francis,1056,1.000,normalized venue title exactly matched an OpenAlex source display_name
Results in Materials,1,1,1,0,Crossref,exact_openalex_source_match,Results in Materials,https://openalex.org/S4210203200,2590-048X,2590-048X,Elsevier BV,958,1.000,normalized venue title exactly matched an OpenAlex source display_name
ROBOMECH Journal,1,1,1,0,Crossref,exact_openalex_source_match,ROBOMECH Journal,https://openalex.org/S2738378999,2197-4225,2197-4225,Springer Nature,346,1.000,normalized venue title exactly matched an OpenAlex source display_name
Robotics Reports,1,1,1,0,Crossref,exact_openalex_source_match,Robotics Reports,https://openalex.org/S4387289922,2835-0111,2835-0111,"Mary Ann Liebert, Inc.",34,1.000,normalized venue title exactly matched an OpenAlex source display_name
Safe Data-Driven Control for Cyber-Physical Systems,1,1,0,1,Crossref,no_openalex_source_match,,,,,,,,no close OpenAlex source display_name found in top 5 search results
SAMPE 2024,1,1,0,1,Crossref,no_openalex_source_match,,,,,,,,no close OpenAlex source display_name found in top 5 search results
Scientific Journal of Technology,1,1,1,0,Crossref,no_openalex_source_match,International journal of scientific and technology research,https://openalex.org/S2736976235,2277-8616,2277-8616,IJSTR,7536,0.571,no close OpenAlex source display_name found in top 5 search results
Scripta Materialia,1,1,0,1,Crossref,exact_openalex_source_match,Scripta Materialia,https://openalex.org/S105962883,1359-6462,1359-6462; 1872-8456,Elsevier BV,16550,1.000,normalized venue title exactly matched an OpenAlex source display_name
Smart and Sustainable Manufacturing Systems,1,1,0,1,Crossref,exact_openalex_source_match,Smart and Sustainable Manufacturing Systems,https://openalex.org/S4210236461,2520-6478,2520-6478; 2572-3928,ASM International,182,1.000,normalized venue title exactly matched an OpenAlex source display_name
Smart Cities,1,1,0,1,Crossref,exact_openalex_source_match,Smart Cities,https://openalex.org/S4210184358,2624-6511,2624-6511,Multidisciplinary Digital Publishing Institute,1100,1.000,normalized venue title exactly matched an OpenAlex source display_name
Smart Materials & Methods,1,1,1,0,Crossref,exact_openalex_source_match,Smart materials & methods.,https://openalex.org/S4404677998,2996-3176,2996-3176,,18,1.000,normalized venue title exactly matched an OpenAlex source display_name
Smart Materials and Applications,1,1,0,1,Crossref,no_openalex_source_match,Smart Materials and Engineering Applications,https://openalex.org/S5407053763,3120-3795,3120-3795,,6,0.842,no close OpenAlex source display_name found in top 5 search results
Smart Materials in Medicine,1,1,0,1,Crossref,exact_openalex_source_match,Smart Materials in Medicine,https://openalex.org/S4210221327,2590-1834,2590-1834,Elsevier BV,223,1.000,normalized venue title exactly matched an OpenAlex source display_name
Smart Technologies and Digital Transformation in Additive Manufacturing,1,1,0,1,Crossref,no_openalex_source_match,,,,,,,,no close OpenAlex source display_name found in top 5 search results
SN Computer Science,1,1,0,1,Crossref,exact_openalex_source_match,SN Computer Science,https://openalex.org/S4210174798,2661-8907,2661-8907; 2662-995X,Springer Nature,5014,1.000,normalized venue title exactly matched an OpenAlex source display_name
Soft Matter,1,1,1,0,Crossref,exact_openalex_source_match,Soft Matter,https://openalex.org/S6377669,1744-683X,1744-683X; 1744-6848,Royal Society of Chemistry,21175,1.000,normalized venue title exactly matched an OpenAlex source display_name
Soft Robotics for Medical and Healthcare Applications,1,1,0,1,Crossref,no_openalex_source_match,,,,,,,,no close OpenAlex source display_name found in top 5 search results
Soft Science,1,1,1,0,Crossref,exact_openalex_source_match,Soft Science,https://openalex.org/S4210169458,2769-5441,2769-5441,,233,1.000,normalized venue title exactly matched an OpenAlex source display_name
SoutheastCon 2024,1,1,1,0,Crossref,no_openalex_source_match,,,,,,,,no close OpenAlex source display_name found in top 5 search results
SoutheastCon 2026,1,1,0,1,Crossref,no_openalex_source_match,,,,,,,,no close OpenAlex source display_name found in top 5 search results
Springer Series in Advanced Manufacturing,1,1,0,1,Crossref,exact_openalex_source_match,Springer series in advanced manufacturing,https://openalex.org/S4210208556,1860-5168,1860-5168; 2196-1735,Springer International Publishing,1073,1.000,normalized venue title exactly matched an OpenAlex source display_name
Stimuli-Responsive Biomaterials for Inflammatory Diseases,1,1,0,1,Crossref,no_openalex_source_match,,,,,,,,no close OpenAlex source display_name found in top 5 search results
Strength of Materials,1,1,0,1,Crossref,exact_openalex_source_match,Strength of Materials,https://openalex.org/S206364941,0039-2316,0039-2316; 1573-9325,Springer Science+Business Media,10968,1.000,normalized venue title exactly matched an OpenAlex source display_name
Strengthening Technologies and Coatings,1,1,0,1,Crossref,exact_openalex_source_match,Strengthening Technologies and Coatings,https://openalex.org/S5407054696,1813-1336,1813-1336,,61,1.000,normalized venue title exactly matched an OpenAlex source display_name
Structures,1,1,0,1,Crossref,no_openalex_source_match,Composite Structures,https://openalex.org/S52363224,0263-8223,0263-8223; 1879-1085,Elsevier BV,19827,0.667,no close OpenAlex source display_name found in top 5 search results
Sustainable Materials and Technologies,1,1,0,1,Crossref,exact_openalex_source_match,Sustainable materials and technologies,https://openalex.org/S2898501196,2214-9929,2214-9929; 2214-9937,Elsevier BV,2090,1.000,normalized venue title exactly matched an OpenAlex source display_name
"Synthesis Lectures on Engineering, Science, and Technology",1,1,0,1,Crossref,exact_openalex_source_match,"Synthesis lectures on engineering, science, and technology",https://openalex.org/S4210180979,2690-0300,2690-0300; 2690-0327,Morgan & Claypool Publishers,1144,1.000,normalized venue title exactly matched an OpenAlex source display_name
Technique and technology of silicates,1,1,1,0,Crossref,no_openalex_source_match,,,,,,,,no close OpenAlex source display_name found in top 5 search results
Tehnički glasnik,1,1,0,1,Crossref,exact_openalex_source_match,Tehnički glasnik,https://openalex.org/S4210177639,1846-6168,1846-6168; 1848-5588,Croatian Dairy Union,870,1.000,normalized venue title exactly matched an OpenAlex source display_name
The American Journal of Engineering and Technology,1,1,0,1,Crossref,exact_openalex_source_match,The American Journal of Engineering And Technology,https://openalex.org/S4210219720,2689-0984,2689-0984,,554,1.000,normalized venue title exactly matched an OpenAlex source display_name
"The Confluence of Cryptography, Blockchain and Artificial Intelligence",1,1,0,1,Crossref,no_openalex_source_match,,,,,,,,no close OpenAlex source display_name found in top 5 search results
The Digital Twin Handbook,1,1,0,1,Crossref,no_openalex_source_match,,,,,,,,no close OpenAlex source display_name found in top 5 search results
The Eastasouth Journal of Information System and Computer Science,1,1,0,1,Crossref,exact_openalex_source_match,The Eastasouth Journal of Information System and Computer Science,https://openalex.org/S4390296878,3025-566X,3025-566X; 3026-6041,,128,1.000,normalized venue title exactly matched an OpenAlex source display_name
The Essential Guide to Public Procurement,1,1,1,0,Crossref,no_openalex_source_match,,,,,,,,no close OpenAlex source display_name found in top 5 search results
Theoretical and Applied Fracture Mechanics,1,1,0,1,Crossref,exact_openalex_source_match,Theoretical and Applied Fracture Mechanics,https://openalex.org/S179906512,0167-8442,0167-8442; 1872-7638,Elsevier BV,5563,1.000,normalized venue title exactly matched an OpenAlex source display_name
Theory and Practice of Additive Manufacturing,1,1,0,1,Crossref,no_openalex_source_match,,,,,,,,no close OpenAlex source display_name found in top 5 search results
Thin-Walled Structures,1,1,0,1,Crossref,exact_openalex_source_match,Thin-Walled Structures,https://openalex.org/S205118121,0263-8231,0263-8231; 1879-3223,Elsevier BV,11826,1.000,normalized venue title exactly matched an OpenAlex source display_name
Tissue Repair and Reconstruction,1,1,0,1,Crossref,exact_openalex_source_match,Tissue repair and reconstruction,https://openalex.org/S4393919383,2731-9180,2731-9180; 2731-9199,,52,1.000,normalized venue title exactly matched an OpenAlex source display_name
Transforming Industry using Digital Twin Technology,1,1,0,1,Crossref,no_openalex_source_match,,,,,,,,no close OpenAlex source display_name found in top 5 search results
Translational Oncology,1,1,1,0,Crossref,exact_openalex_source_match,Translational Oncology,https://openalex.org/S106638657,1936-5233,1936-5233; 1944-7124,Elsevier BV,3174,1.000,normalized venue title exactly matched an OpenAlex source display_name
"Volume 11: Safety Engineering, Risk and Reliability Analysis; Research Posters",1,1,0,1,Crossref,no_openalex_source_match,,,,,,,,no close OpenAlex source display_name found in top 5 search results
Volume 1: 27th International Conference on Advanced Vehicle Technologies (AVT),1,1,0,1,Crossref,no_openalex_source_match,,,,,,,,no close OpenAlex source display_name found in top 5 search results
Volume 1: Codes & Standards; Computer Technology & Bolted Joints,1,1,1,0,Crossref,no_openalex_source_match,,,,,,,,no close OpenAlex source display_name found in top 5 search results
"Volume 1: Smart Additive Manufacturing; Multi-Material Processing in AM; Advances in Metal AM Processes; In Situ Monitoring, Non-Destructive Evaluation, and Qualification for AM; Advances in Manufacturing and Processing of Polymers and Composites; Laser-Based Advanced Manufacturing and Material Processing; Smart, Innovative, and Low-Cost Tooling Systems for Advanced Materials Manufacturing; Bio-Manufacturing of Engineered Living Materials",1,1,0,1,Crossref,no_openalex_source_match,,,,,,,,no close OpenAlex source display_name found in top 5 search results
Volume 2: Manufacturing Equipment and Automation; Manufacturing Processes; Manufacturing Systems; Nano/Micro/Meso Manufacturing; Quality & Reliability,1,1,0,1,Crossref,no_openalex_source_match,,,,,,,,no close OpenAlex source display_name found in top 5 search results
Volume 3B: 50th Design Automation Conference (DAC),1,1,0,1,Crossref,no_openalex_source_match,,,,,,,,no close OpenAlex source display_name found in top 5 search results
Volume 4: Gas Turbines; Pressure Technologies; Robotics & Automation,1,1,1,0,Crossref,no_openalex_source_match,,,,,,,,no close OpenAlex source display_name found in top 5 search results
"Volume 5: Dynamics, Vibration, and Control",1,1,1,0,Crossref,exact_openalex_source_match,"Volume 5: Dynamics, Vibration, and Control",https://openalex.org/S4363607108,,,,263,1.000,normalized venue title exactly matched an OpenAlex source display_name
Volume 7: Engineering Education; Fluids Engineering,1,1,0,1,Crossref,no_openalex_source_match,,,,,,,,no close OpenAlex source display_name found in top 5 search results
"Volume 8: Structures and Dynamics — Bearing & Seal Dynamics; Emerging Methods in Engineering Design, Analysis and Additive Manufacturing; Fatigue, Fracture & Life Prediction; Probabilistic Methods; Rotordynamics",1,1,0,1,Crossref,no_openalex_source_match,,,,,,,,no close OpenAlex source display_name found in top 5 search results
Warehousing and Material Handling Systems for the Digital Industry,1,1,0,1,Crossref,no_openalex_source_match,,,,,,,,no close OpenAlex source display_name found in top 5 search results
Welding in the World,1,1,0,1,Crossref,exact_openalex_source_match,Welding in the World,https://openalex.org/S30799303,0043-2288,0043-2288; 1878-6669,Springer Science+Business Media,3295,1.000,normalized venue title exactly matched an OpenAlex source display_name
