normalized_title_key,title,sources,record_count,venues,dois
digital twin driven predictive maintenance for smart manufacturing systems,Digital Twin-Driven Predictive Maintenance for Smart Manufacturing Systems,Crossref; OpenAlex,3,Zenodo (CERN European Organization for Nuclear Research)(2); International Journal of Technical Research Studies (IJTRS)(1),10.63090/ijtrs/3139.1788.0012(1); 10.5281/zenodo.20603422(1); 10.5281/zenodo.20603423(1)
sharp dual regime thermal transition driven by bead morphology in metal fused filament fabrication bead resolved digital twin analysis,Sharp dual-regime thermal transition driven by bead morphology in metal fused filament fabrication: bead-resolved digital twin analysis,Crossref; OpenAlex,3,Figshare(2); Virtual and Physical Prototyping(1),10.1080/17452759.2026.2675817(1); 10.6084/m9.figshare.32560697.v1(1); 10.6084/m9.figshare.32560697(1)
4d printed nitinol metamaterials from algorithmic design of textile based soft stiff architectures towards next generation medical implants,4D printed Nitinol metamaterials: from algorithmic design of textile-based soft-stiff architectures towards next generation medical implants,Crossref; OpenAlex,2,UPM Digital Archive (Technical University of Madrid)(1); Venue unknown(1),10.20868/upm.thesis.96235(1)
a digital twin approach for agile additive manufacturing of automotive components,A Digital Twin Approach for Agile Additive Manufacturing of Automotive Components,Crossref; OpenAlex,2,"Computers, Materials &amp; Continua(1); Research Square(1)",10.32604/cmc.2026.075197(1); 10.21203/rs.3.rs-3865454/v2(1)
a modular and affordable self driving laboratory enables vision guided optimization of metal electrodeposition,A modular and affordable self-driving laboratory enables vision-guided optimization of metal electrodeposition,Crossref; OpenAlex,2,ChemRxiv(2),10.26434/chemrxiv.15001858/v2(1); 10.26434/chemrxiv.15001858/v1(1)
a molecular rheology dynamics study on 3d printing of liquid crystal elastomers,A Molecular Rheology Dynamics Study on 3D Printing of Liquid Crystal Elastomers,Crossref; OpenAlex,2,Macromolecular Rapid Communications(2),10.1002/marc.202470023(1); 10.1002/marc.202300717(1)
alignment and actuation of liquid crystals via 3d confinement and two photon laser printing,Alignment and actuation of liquid crystals via 3D confinement and two-photon laser printing,Crossref; OpenAlex,2,Science Advances(1); ChemRxiv(1),10.1126/sciadv.adq2597(1); 10.26434/chemrxiv-2024-dp30s(1)
an open source and low cost dual extruder 3d printer for macroscale biotic materials,An open-source and low-cost dual-extruder 3D printer for macroscale biotic materials,Crossref; OpenAlex,2,Progress in Additive Manufacturing(1); Venue unknown(1),10.1007/s40964-025-01383-z(1); 10.31224/5471(1)
beyond lattices a geometry first computational design framework for additive manufacturing of porous architectures,Beyond lattices: A geometry-first computational design framework for additive manufacturing of porous architectures,Crossref; OpenAlex,2,Additive Manufacturing Letters(1); Venue unknown(1),10.1016/j.addlet.2026.100396(1); 10.2139/ssrn.6320058(1)
design and application of stimuli responsive hydrogels for 4d printing a review of adaptive materials in engineering,Design and Application of Stimuli-Responsive Hydrogels for 4D Printing: A Review of Adaptive Materials in Engineering,Crossref; OpenAlex,2,Gels(1); Preprints.org(1),10.3390/gels12020138(1); 10.20944/preprints202512.1643.v1(1)
digital twins for rapid in situ qualification of part quality in laser powder bed fusion additive manufacturing,Digital Twins for Rapid In-Situ Qualification of Part Quality in Laser Powder Bed Fusion Additive Manufacturing,Crossref; OpenAlex,2,Venue unknown(1); Additive Manufacturing(1),10.2139/ssrn.4881754(1); 10.1016/j.addma.2024.104415(1)
enhanced volumetric additive manufacturing via reversible addition fragmentation chain transfer raft polymerization,Enhanced Volumetric Additive Manufacturing via Reversible Addition-Fragmentation Chain Transfer (RAFT) Polymerization,Crossref; OpenAlex,2,Nature Communications(1); Venue unknown(1),10.1038/s41467-026-73456-8(1); 10.26434/chemrxiv-2025-q9lgn(1)
environment aware path generation for robotic additive manufacturing of structures,Environment-Aware Path Generation for Robotic Additive Manufacturing of Structures,Crossref; OpenAlex,2,ArXiv.org(1); Venue unknown(1),10.2139/ssrn.6353098(1)
experimental validation of the ensemble kalman filter as a laser powder bed fusion digital twin,Experimental validation of the Ensemble Kalman Filter as a Laser Powder Bed Fusion digital twin,Crossref; OpenAlex,2,Additive Manufacturing(1); Venue unknown(1),10.1016/j.addma.2025.105054(1); 10.2139/ssrn.5405399(1)
exploring the impact of volumetric additive manufacturing of photo crosslinkable gelatin on mesenchymal stromal cell behavior and differentiation,Exploring the impact of volumetric additive manufacturing of photo-crosslinkable gelatin on mesenchymal stromal cell behavior and differentiation,Crossref; OpenAlex,2,Additive Manufacturing(1); Venue unknown(1),10.1016/j.addma.2025.104850(1); 10.1101/2025.02.17.638591(1)
hybrid epoxy acrylate resins for wavelength selective multimaterial 3d printing,Hybrid epoxy–acrylate resins for wavelength-selective multimaterial 3D printing,Crossref; OpenAlex,2,Nature Materials(1); Research Square(1),10.1038/s41563-025-02249-z(1); 10.21203/rs.3.rs-4237033/v1(1)
hybrid tools for tube bending processes using additive manufacturing and digital twin,Hybrid tools for tube bending processes using additive manufacturing and digital twin,Crossref; OpenAlex,2,Venue unknown(1); International Journal of Material Forming(1),10.21203/rs.3.rs-8040156/v1(1); 10.1007/s12289-026-02009-7(1)
in process density measurement for model based process optimization of functionally graded foam microcellular structures in material extrusion additive manufacturing,In-process density measurement for model-based process optimization of functionally graded foam microcellular structures in material extrusion additive manufacturing,Crossref; OpenAlex,2,Additive manufacturing(1); Venue unknown(1),10.1016/j.addma.2025.104817(1); 10.2139/ssrn.5086974(1)
investigating thermal strains and chemical shrinkage in tomographic volumetric additive manufacturing,Investigating thermal strains and chemical shrinkage in tomographic volumetric additive manufacturing,Crossref; OpenAlex,2,Additive Manufacturing(1); Venue unknown(1),10.1016/j.addma.2025.104781(1); 10.2139/ssrn.5027754(1)
laser based powder bed fusion additive manufacturing of thinner walls through re melting,Laser-based powder bed fusion additive manufacturing of thinner walls through re-melting,Crossref; OpenAlex,2,The International Journal of Advanced Manufacturing Technology(1); Venue unknown(1),10.1007/s00170-025-15976-z(1); 10.21203/rs.3.rs-6074274/v1(1)
mechanical anisotropy of 3d printed digital materials at large strains,Mechanical anisotropy of 3D-printed digital materials at large strains,Crossref; OpenAlex,2,Soft Matter(1); ArXiv.org(1),10.1039/d6sm00036c(1)
numerical modeling of tomographic volumetric additive manufacturing based on energy threshold method,Numerical modeling of tomographic volumetric additive manufacturing based on energy threshold method,Crossref; OpenAlex,2,Additive Manufacturing(1); Venue unknown(1),10.1016/j.addma.2024.104552(1); 10.2139/ssrn.4868307(1)
spatially programmable 4d printing of photoresponsive liquid crystal elastomers for adaptive energy dissipation,Spatially programmable 4D printing of photoresponsive liquid crystal elastomers for adaptive energy dissipation,Crossref; OpenAlex,2,Additive Manufacturing Frontiers(1); SSRN Electronic Journal(1),10.1016/j.amf.2026.200359(1); 10.2139/ssrn.5763134(1)
thermally elongated thermoplastic nozzles unlock micro scale multimaterial direct ink writing,Thermally Elongated Thermoplastic Nozzles Unlock Micro-Scale Multimaterial Direct Ink Writing,Crossref; OpenAlex,2,Research Square(1); npj Advanced Manufacturing(1),10.21203/rs.3.rs-8564809/v1(1); 10.1038/s44334-026-00092-x(1)
volumetric additive manufacturing of composites via hydrogel infusion,Volumetric Additive Manufacturing of Composites via Hydrogel Infusion,Crossref; OpenAlex,2,Venue unknown(1); ACS Materials Letters(1),10.26434/chemrxiv-2025-1twqq(1); 10.1021/acsmaterialslett.5c00407(1)
wave optical model for tomographic volumetric additive manufacturing,Wave optical model for tomographic volumetric additive manufacturing,Crossref; OpenAlex,2,Optics Express(1); arXiv (Cornell University)(1),10.1364/oe.521322(1); 10.48550/arxiv.2402.06283(1)
wavelength dependent 3d printing introducing 3d printed action plots,Wavelength‐Dependent 3D Printing: Introducing 3D Printed Action Plots,Crossref; OpenAlex,2,Advanced Materials(1); Repository KITopen (Karlsruhe Institute of Technology)(1),10.1002/adma.202523664(1); 10.5445/ir/1000192650(1)
lt b gt conceptualizing cognitive and agentic digital twins lt b gt,&lt;b&gt;Conceptualizing Cognitive and Agentic Digital Twins&lt;/b&gt;,Crossref; OpenAlex,1,International Multidisciplinary Journal of Emerging Technologies and Applications(1),10.67294/knpyhb26(1)
3d amp 4d printing in engineering applications,3D &amp; 4D Printing—In Engineering Applications,Crossref; OpenAlex,1,Materials(1),10.3390/ma19071307(1)
3d and 4d assembly of functional structures using shape morphing materials for biological applications,3D and 4D assembly of functional structures using shape-morphing materials for biological applications,Crossref; OpenAlex,1,Frontiers in Bioengineering and Biotechnology(1),10.3389/fbioe.2024.1347666(1)
3d and 4d printing for waste reduction and resource optimization,3D AND 4D PRINTING FOR WASTE REDUCTION AND RESOURCE OPTIMIZATION,Crossref; OpenAlex,1,Proceedings of International University Travnik(1),10.58952/zriut202502007a(1)
3d printing of functional materials and smart automation systems integrated technological pathways for modern oil gas chemical engineering,3D Printing of Functional Materials and Smart Automation Systems: Integrated Technological Pathways for Modern Oil–Gas–Chemical Engineering,Crossref; OpenAlex,1,"Advanced composite materials, biopolymers, and additive manufacturing for oil-gas-chemical engineering (English edition)(1)",10.62486/978-9915-704-06-7.ch05(1)
3d printing with a 3d printed digital material filament for programming functional gradients,3D printing with a 3D printed digital material filament for programming functional gradients,Crossref; OpenAlex,1,Nature Communications(1),10.1038/s41467-024-47480-5(1)
3d printed digital pneumatic logic for the control of soft robotic actuators,3D-printed digital pneumatic logic for the control of soft robotic actuators,Crossref; OpenAlex,1,Science Robotics(1),10.1126/scirobotics.adh4060(1)
3d printed multimaterial microfluidic transistors,3D-printed Multimaterial Microfluidic Transistors,Crossref; OpenAlex,1,Venue unknown(1),10.31224/4688(1)
3d printed smart reinforced beam for in process monitoring,3D-printed smart reinforced beam for in-process monitoring,Crossref; OpenAlex,1,"Nondestructive Characterization and Monitoring of Advanced Materials, Aerospace, Civil Infrastructure, and Transportation XX(1)",10.1117/12.3090427(1)
3d 4d printing,3D/4D Printing,Crossref; OpenAlex,1,Chem &amp; Bio Engineering(1),10.1021/cbe.5c00152(1)
4d printing of carbon fiber reinforced liquid crystal elastomers for self deployable solar panels,4D printing of carbon-fiber-reinforced liquid crystal elastomers for self-deployable solar panels,Crossref; OpenAlex,1,Materials Horizons(1),10.1039/d5mh00363f(1)
4d printing of fast responsive liquid crystalline elastomers for light driven actuators,4D printing of fast‐responsive liquid crystalline elastomers for light‐driven actuators,Crossref; OpenAlex,1,Responsive materials(1),10.1002/rpm2.70039(1)
4d printing of liquid crystal elastomer composites with continuous fiber reinforcement,4D printing of liquid crystal elastomer composites with continuous fiber reinforcement,Crossref; OpenAlex,1,Nature Communications(1),10.1038/s41467-024-52716-5(1)
4d printing of polymer dispersed liquid crystal elastomers toward tunable vibration isolation and cushioning properties,4D Printing of Polymer‐Dispersed Liquid Crystal Elastomers toward Tunable Vibration Isolation and Cushioning Properties,Crossref; OpenAlex,1,Advanced Materials Technologies(1),10.1002/admt.202500078(1)
4d printing of shape morphing liquid crystal elastomers,4D Printing of Shape-Morphing Liquid Crystal Elastomers,Crossref; OpenAlex,1,Chem & Bio Engineering(1),10.1021/cbe.4c00027(1)
4d printing of unaligned lce a facile approach to print photo mobile polymers,4D printing of unaligned LCE: a facile approach to print photo mobile polymers,Crossref; OpenAlex,1,Materials Advances(1),10.1039/d5ma01396h(1)
4d printing through vat photopolymerization of two stage uv curable liquid crystal elastomers,4D printing through vat photopolymerization of two-stage UV-curable liquid crystal elastomers,Crossref; OpenAlex,1,Nature Communications(1),10.1038/s41467-026-68370-y(1)
4d printing with liquid crystal elastomers materials methods and emerging applications,"4D Printing with Liquid Crystal Elastomers: Materials, Methods, and Emerging Applications",Crossref; OpenAlex,1,ChemPlusChem(1),10.1002/cplu.202500049(1)
4d printed fiber reinforced liquid crystal elastomer composites for multifunctional soft robots with self heating actuation,4D-Printed fiber-reinforced liquid crystal elastomer composites for multifunctional soft robots with self-heating actuation,Crossref; OpenAlex,1,Virtual and Physical Prototyping(1),10.1080/17452759.2025.2499927(1)
4d printed liquid crystal elastomers printing strategies actuation mechanisms and emerging applications,"4D-Printed Liquid Crystal Elastomers: Printing Strategies, Actuation Mechanisms, and Emerging Applications",Crossref; OpenAlex,1,Journal of Composites Science(1),10.3390/jcs9110633(1)
4d printed shape memory architectures for biomedical devices and morphing systems,4D-Printed Shape-Memory Architectures for Biomedical Devices and Morphing Systems,Crossref; OpenAlex,1,Smart Materials and Engineering Applications(1),10.64229/t20sy660(1)
scp 3d scp printing of lignin based polymeric composites obtained using liquid crystal display as a vat photopolymerization technique,<scp>3D</scp> printing of lignin‐based polymeric composites obtained using liquid crystal display as a vat photopolymerization technique,Crossref; OpenAlex,1,Polymer International(1),10.1002/pi.6783(1)
a closed loop machine learning and digital twin framework for the discovery of high performance solid state electrolytes,A Closed-Loop Machine Learning and Digital Twin Framework for the Discovery of High- Performance Solid-State Electrolytes,Crossref; OpenAlex,1,Research Square(1),10.21203/rs.3.rs-9345215/v1(1)
a comprehensive analysis of non planar toolpath optimization in multi axis 3d printing evaluating the efficiency of curved layer slicing strategies,A COMPREHENSIVE ANALYSIS OF NON-PLANAR TOOLPATH OPTIMIZATION IN MULTI-AXIS 3D PRINTING: EVALUATING THE EFFICIENCY OF CURVED LAYER SLICING STRATEGIES,Crossref; OpenAlex,1,Review of Applied Science and Technology(1),10.63125/5fdxa722(1)
a digital twin approach to adaptive control melt penetration for large scale structural components through two stage metal additive manufacturing,A Digital Twin Approach to Adaptive Control Melt-Penetration for Large-Scale Structural Components Through Two-stage Metal Additive Manufacturing,Crossref; OpenAlex,1,2025 IEEE International Conference on Industrial Engineering and Engineering Management (IEEM)(1),10.1109/ieem63636.2025.11357745(1)
a generalized printing process window for preventing surface overcuring in volumetric additive manufacturing,A generalized printing process window for preventing surface overcuring in volumetric additive manufacturing,Crossref; OpenAlex,1,International Journal of Bioprinting(1),10.36922/ijb026140128(1)
a hierarchical and ontology based taxonomy of stimuli smart materials transformation effects in 4d printing as a new interactive modality,A hierarchical and ontology-based taxonomy of stimuli–smart materials–transformation effects in 4D printing as a new interactive modality,Crossref; OpenAlex,1,Proceedings of DRS(1),10.21606/drs.2026.1046(1)
a lightweight embedded 3d printed soft robotic finger powered by sma artificial muscle,A lightweight embedded 3D-printed soft robotic finger powered by SMA artificial muscle,Crossref; OpenAlex,1,Results in Engineering(1),10.1016/j.rineng.2026.110883(1)
a meshing framework for digital twins for extrusion based additive manufacturing,A meshing framework for digital twins for extrusion based additive manufacturing,Crossref; OpenAlex,1,Additive Manufacturing(1),10.1016/j.addma.2026.105137(1)
a novel path planning approach for non planar robotic additive manufacturing to build and repair the parts of cylindrical geometry,A Novel Path Planning Approach for Non-planar Robotic Additive Manufacturing to Build and Repair the Parts of Cylindrical Geometry.,Crossref; OpenAlex,1,Research Square(1),10.21203/rs.3.rs-3999221/v1(1)
a review of stimuli responsive materials in 4d bioprinting for biomedical applications,A review of stimuli-responsive materials in 4D bioprinting for biomedical applications,Crossref; OpenAlex,1,Materials Advances(1),10.1039/d5ma00679a(1)
a self driving lab for solution processed electrochromic thin films,A Self‐Driving Lab for Solution‐Processed Electrochromic Thin Films,Crossref; OpenAlex,1,Advanced Intelligent Systems(1),10.1002/aisy.202600008(1)
a thermally expandable resin for the volumetric additive manufacturing of shape memory functional foams,A Thermally Expandable Resin for the Volumetric Additive Manufacturing of Shape‐Memory Functional Foams,Crossref; OpenAlex,1,Advanced Materials Technologies(1),10.1002/admt.202501355(1)
accelerating fused filament fabrication fff optimization with ai powered digital twins and high fidelity simulations,Accelerating fused filament fabrication FFF optimization with AI-Powered digital twins and High-Fidelity simulations,Crossref; OpenAlex,1,The International Journal of Advanced Manufacturing Technology(1),10.1007/s00170-025-17219-7(1)
acoustics in additive manufacturing a path toward contactless scalable and high precision manufacturing,"Acoustics in additive manufacturing: A path toward contactless, scalable, and high-precision manufacturing",Crossref; OpenAlex,1,Applied Physics Reviews(1),10.1063/5.0271688(1)
adaptive slicing algorithm and path planning for additive manufacturing of aerospace parts,Adaptive Slicing Algorithm and Path Planning for Additive Manufacturing of Aerospace Parts,Crossref; OpenAlex,1,Applied and Computational Engineering(1),10.54254/2755-2721/2025.gl27145(1)
additive manufacturing of conventional military equipment implications for arms control and security,Additive Manufacturing of Conventional Military Equipment: Implications for Arms Control and Security,Crossref; OpenAlex,1,Venue unknown(1),10.37559/cwp/26/erc/06(1)
additive manufacturing of functionally graded materials advances challenges and strategies for processing and performance optimization,"Additive manufacturing of functionally graded materials: Advances, challenges, and strategies for processing and performance optimization",Crossref; OpenAlex,1,Next Materials(1),10.1016/j.nxmate.2026.102285(1)
additive manufacturing of multi material and hollow structures by embedded extrusion volumetric printing,Additive manufacturing of multi-material and hollow structures by Embedded Extrusion-Volumetric Printing,Crossref; OpenAlex,1,Nature Communications(1),10.1038/s41467-025-62057-6(1)
additive manufacturing of multi material structures,Additive Manufacturing of Multi-Material Structures,Crossref; OpenAlex,1,Additive manufacturing(1),10.1201/9781003343868-12(1)
additive manufacturing with graded bio polymer composites,Additive Manufacturing with Graded Bio-Polymer Composites,Crossref; OpenAlex,1,"ROB|ARCH2024 – Robotic Fabrication in Architecture, Art and Design(1)",10.1007/978-3-032-22607-5_5(1)
advanced bioprinting for the future,Advanced Bioprinting for the Future,Crossref; OpenAlex,1,3D Bioprinting from Lab to Industry(1),10.1002/9781119894407.ch14(1)
advanced digital design and intelligent manufacturing,Advanced Digital Design and Intelligent Manufacturing,Crossref; OpenAlex,1,Venue unknown(1),10.3390/books978-3-7258-7808-6(1)
advancements and challenges in additively manufactured functionally graded materials a comprehensive review,Advancements and Challenges in Additively Manufactured Functionally Graded Materials: A Comprehensive Review,Crossref; OpenAlex,1,Journal of Manufacturing and Materials Processing(1),10.3390/jmmp8010023(1)
advances in additive manufacturing of polymer fused deposition modeling on textiles from 3d printing to innovative 4d printing a review,Advances in Additive Manufacturing of Polymer-Fused Deposition Modeling on Textiles: From 3D Printing to Innovative 4D Printing—A Review,Crossref; OpenAlex,1,Polymers(1),10.3390/polym16050700(1)
advances in materials and technologies for digital light processing 3d printing,Advances in materials and technologies for digital light processing 3D printing,Crossref; OpenAlex,1,Nano Convergence(1),10.1186/s40580-024-00452-3(1)
advances in multi material polymer 3d printing depositions techniques materials combinations challenges and emerging applications,"Advances in multi-material polymer 3D printing depositions: techniques, materials combinations, challenges, and emerging applications",Crossref; OpenAlex,1,Frontiers in Mechanical Engineering(1),10.3389/fmech.2026.1802237(1)
ai assisted curvature aware post slicing g code optimization for material efficient fdm printing,"AI-assisted, curvature-aware post-slicing G-code optimization for material-efficient FDM printing",Crossref; OpenAlex,1,Journal of King Saud University - Engineering Sciences(1),10.1007/s44444-026-00109-y(1)
ai driven digital twin framework for real time optimization of smart manufacturing systems in industry 5 0,AI-Driven Digital Twin Framework for Real-Time Optimization of Smart Manufacturing Systems in Industry 5.0,Crossref; OpenAlex,1,Journal of Mechanical Civil and Industrial Engineering(1),10.32996/jmcie.2026.7.4.1(1)
an integrated review of mechanical property modelling from microstructure based theories to additive manufacturing and cae,An Integrated Review of Mechanical Property Modelling from Microstructure-Based Theories to Additive Manufacturing and CAE,Crossref; OpenAlex,1,Metal Additive Manufacturing(1),10.1201/9781003731559-20(1)
an inverse rendering framework for tomographic volumetric additive manufacturing,An inverse rendering framework for tomographic volumetric additive manufacturing,Crossref; OpenAlex,1,Advanced Fabrication Technologies for Micro/Nano Optics and Photonics XVIII(1),10.1117/12.3042194(1)
artificial intelligence and digital twins in smart real estate asset management a framework for sustainable urban development,Artificial Intelligence and Digital Twins in Smart Real Estate Asset Management: A Framework for Sustainable Urban Development,Crossref; OpenAlex,1,American Journal of Data Science and Analytics(1),10.63125/3gq6b691(1)
artificial intelligence and machine learning in cold spray additive manufacturing a systematic literature review,Artificial Intelligence and Machine Learning in Cold Spray Additive Manufacturing: A Systematic Literature Review,Crossref; OpenAlex,1,Journal of Manufacturing and Materials Processing(1),10.3390/jmmp9100334(1)
automation enabled engineering futures linking oil and gas innovation with renewable biopolymer feedstocks for additive manufacturing,Automation-Enabled Engineering Futures: Linking Oil-and-Gas Innovation with Renewable Biopolymer Feedstocks for Additive Manufacturing,Crossref; OpenAlex,1,"Advanced composite materials, biopolymers, and additive manufacturing for oil-gas-chemical engineering (English edition)(1)",10.62486/978-9915-704-06-7.ch04(1)
autonomous materials discovery through a tabula rasa active learning framework,Autonomous materials discovery through a tabula rasa active learning framework,Crossref; OpenAlex,1,Research Square(1),10.21203/rs.3.rs-9750606/v1(1)
bio inspired 4d printed niti alloy metamaterials with dynamically tunable stiffness for intelligent impact protection,Bio-inspired 4D-printed NiTi alloy metamaterials with dynamically tunable stiffness for intelligent impact protection,Crossref; OpenAlex,1,Engineering Structures(1),10.1016/j.engstruct.2026.123121(1)
bridging model based systems engineering digital twins and cyber physical manufacturing systems a foundational framework for operational excellence,"Bridging Model-Based Systems Engineering, Digital Twins, and Cyber-Physical Manufacturing Systems: A Foundational Framework for Operational Excellence",Crossref; OpenAlex,1,International Multidisciplinary Journal of Emerging Technologies and Applications(1),10.67294/w1jdxb80(1)
brief paper evaluating effects of ultraviolet exposure strategies on multi material interfaces in direct ink write additive manufacturing,Brief Paper: Evaluating Effects of Ultraviolet Exposure Strategies on Multi-Material Interfaces in Direct Ink Write Additive Manufacturing,Crossref; OpenAlex,1,Volume 1: Additive Manufacturing; Advanced Materials Manufacturing; Biomanufacturing; Life Cycle Engineering(1),10.1115/msec2024-125262(1)
build processes for functionally graded materials via direct ink write additive manufacturing,Build processes for functionally-graded materials via direct-ink write additive manufacturing,Crossref; OpenAlex,1,Progress in Additive Manufacturing(1),10.1007/s40964-026-01667-y(1)
build processes for functionally graded materials via direct write additive manufacturing,Build Processes for Functionally-Graded Materials via Direct-Write Additive Manufacturing,Crossref; OpenAlex,1,Research Square(1),10.21203/rs.3.rs-7830129/v1(1)
building audio visual digital twins with smartphones,Building Audio-Visual Digital Twins with Smartphones,Crossref; OpenAlex,1,"Proceedings of the 24th Annual International Conference on Mobile Systems, Applications and Services(1)",10.1145/3745756.3809241(1)
building with volumetric additive manufacturing,Building with volumetric additive manufacturing,Crossref; OpenAlex,1,Advanced Fabrication Technologies for Micro/Nano Optics and Photonics XVIII(1),10.1117/12.3042390(1)
carbon fiber reinforced liquid crystalline elastomer composites a dual exploration in strength augmentation and transformation flexibility through 4d printing,Carbon fiber reinforced liquid crystalline elastomer composites: a dual exploration in strength augmentation and transformation flexibility through 4D printing,Crossref; OpenAlex,1,International Journal of Smart and Nano Materials(1),10.1080/19475411.2024.2332645(1)
case studies examples and highlights,"Case Studies, Examples, and Highlights",Crossref; OpenAlex,1,"Material Selection, Product Design and Additive Manufacturing Processes for Operational Sustainability(1)",10.1201/9781003633754-6(1)
causal and uncertainty aware digital twin framework for ultra low noise geoscientific inertial sensors,Causal and uncertainty-aware digital-twin framework for ultra–low-noise geoscientific inertial sensors,Crossref; OpenAlex,1,Venue unknown(1),10.5194/egusphere-2026-628(1)
chemical and mechanical evolution of a volumetric additive manufacturing vam resin under high temperature storage,Chemical and Mechanical Evolution of a Volumetric Additive Manufacturing (VAM) Resin Under High-Temperature Storage,Crossref; OpenAlex,1,Polymers(1),10.3390/polym18101213(1)
cold spray repair of corroded steel bridge girders via an optimization driven cyber physical workflow and robotic deposition architecture,Cold-Spray Repair of Corroded Steel Bridge Girders via an Optimization-Driven Cyber-Physical Workflow and Robotic Deposition Architecture,Crossref; OpenAlex,1,Venue unknown(1),10.31224/6400(1)
composite strengthening via stress concentration regions softening the proof of concept with schwarzites and schwarzynes inspired multi material additive manufacturing,Composite strengthening via stress-concentration regions softening: The proof of concept with Schwarzites and Schwarzynes inspired multi-material additive manufacturing,Crossref; OpenAlex,1,Additive manufacturing(1),10.1016/j.addma.2024.104336(1)
computed tomography based volumetric additive manufacturing development of a model based on resin properties and part size interrelationship part i,Computed Tomography-Based Volumetric Additive Manufacturing: Development of a Model Based on Resin Properties and Part Size Interrelationship—Part I,Crossref; OpenAlex,1,Journal of Manufacturing and Materials Processing(1),10.3390/jmmp9060178(1)
computed tomography driven design and fused filament fabrication of graded density bone scaffolds,Computed Tomography-Driven Design and Fused Filament Fabrication of Graded Density Bone Scaffolds,Crossref; OpenAlex,1,Applied Sciences(1),10.3390/app15126434(1)
correction to volumetric additive manufacturing of dicyclopentadiene by solid state photopolymerization,Correction to “Volumetric Additive Manufacturing of Dicyclopentadiene by Solid‐State Photopolymerization”,Crossref; OpenAlex,1,Advanced Science(1),10.1002/advs.75656(1)
cost reliability trade offs in additive manufacturing maintenance a digital twin kaplan meier and monte carlo approach,"Cost–Reliability Trade-offs in Additive Manufacturing Maintenance: A Digital Twin, Kaplan–Meier, and Monte Carlo Approach",Crossref; OpenAlex,1,Research Square(1),10.21203/rs.3.rs-7699256/v1(1)
cultural heritage conservation in digital era a review of digital twin and 3d printing applications,CULTURAL HERITAGE CONSERVATION IN DIGITAL ERA: A REVIEW OF DIGITAL TWIN AND 3D PRINTING APPLICATIONS,Crossref; OpenAlex,1,Uludağ University Journal of The Faculty of Engineering(1),10.17482/uumfd.1604638(1)
current 3d printing and developed 4d printing technologies in dentistry,Current 3D Printing and Developed 4D Printing Technologies in Dentistry,Crossref; OpenAlex,1,Northern Journal of Health Sciences(1),10.71340/njhs.1941302(1)
cyclodextrins in 3d 4d printing for biomedical applications,Cyclodextrins in 3D/4D printing for biomedical applications,Crossref; OpenAlex,1,Additive manufacturing(1),10.1016/j.addma.2024.104120(1)
d2m design to manufacturing by integrating digital twins and large language models conceptual framework,D2M (design-to-manufacturing) by integrating digital twins and large language models: conceptual framework,Crossref; OpenAlex,1,Digital Twin(1),10.1080/27525783.2026.2645373(1)
deep learning for materials and additive manufacturing towards ai enabled closed loop systems,Deep Learning for Materials and Additive Manufacturing: Towards AI-Enabled Closed-Loop Systems,Crossref; OpenAlex,1,ChemRxiv(1),10.26434/chemrxiv.15000912/v1(1)
design and development of fin ray finger using topology optimization with multiple load cases,Design and Development of Fin-Ray Finger using Topology Optimization with Multiple Load Cases,Crossref; OpenAlex,1,2024 International Conference on Cognitive Robotics and Intelligent Systems (ICC - ROBINS)(1),10.1109/icc-robins60238.2024.10534011(1)
design and development of portable abs filament extruder for desktop fdm applications,Design and Development of Portable ABS Filament Extruder for Desktop FDM Applications,Crossref; OpenAlex,1,Venue unknown(1),10.31224/6258(1)
design and experimental validation of a 3d printed hybrid soft robotic gripper for delicate object manipulation,Design and Experimental Validation of a 3D-Printed Hybrid Soft Robotic Gripper for Delicate Object Manipulation,Crossref; OpenAlex,1,Electronics(1),10.3390/electronics15040848(1)
design for disassembly using a multi material approach in 3d printing for easier recycling strategies,Design for disassembly: Using a multi-material approach in 3D printing for easier recycling strategies,Crossref; OpenAlex,1,Additive manufacturing(1),10.1016/j.addma.2024.104394(1)
design of a soft robotic finger inspired by the fin ray effect with anthropomorphic features,Design of a Soft Robotic Finger Inspired by the Fin Ray Effect with Anthropomorphic Features,Crossref; OpenAlex,1,2025 IEEE International Conference on Cyborg and Bionic Systems (CBS)(1),10.1109/cbs65871.2025.11267540(1)
design optimization of a variable stiffness robotic gripper with passive restoration fabricated by multimaterial 3d printing,Design Optimization of a Variable Stiffness Robotic Gripper with Passive Restoration Fabricated by Multimaterial 3D Printing,Crossref; OpenAlex,1,Advanced Robotics Research(1),10.1002/adrr.202500054(1)
designing a layered learning infrastructure with a digital twin component,Designing a Layered Learning Infrastructure with a Digital Twin Component,Crossref; OpenAlex,1,39th Bled eConference: Co-Creating Human-Centred and Responsible Digital Futures; Conference Proceedings(1),10.18690/um.fov.4.2026.5(1)
development of a compact multi material vat photopolymerization printing solution,Development of a compact multi-material vat photopolymerization printing solution,Crossref; OpenAlex,1,Materials Science in Additive Manufacturing(1),10.36922/msam025510122(1)
development of a consistent digital process chain from an adaptable modular bridge design to intelligent additive manufacturing utilizing cyber physical systems,Development of a Consistent Digital Process Chain from an Adaptable Modular Bridge Design to Intelligent Additive Manufacturing Utilizing Cyber‐Physical Systems,Crossref; OpenAlex,1,Beton- und Stahlbetonbau(1),10.1002/best.70147(1)
development of functionally graded properties components via filament foaming in material extrusion,Development of functionally graded properties components via filament foaming in material extrusion,Crossref; OpenAlex,1,International Journal on Interactive Design and Manufacturing (IJIDeM)(1),10.1007/s12008-025-02395-3(1)
digital design driven intelligent additive manufacturing system,Digital design-driven intelligent additive manufacturing system,Crossref; OpenAlex,1,Third International Conference on Intelligent Transportation and Smart Cities (ICITSC 2026)(1),10.1117/12.3119163(1)
digital twin based process optimization and defect prediction in metal additive manufacturing for critical mechanical components,Digital Twin-Based Process Optimization and Defect Prediction in Metal Additive Manufacturing for Critical Mechanical Components,Crossref; OpenAlex,1,British Journal of Multidisciplinary Studies(1),10.32996/bjmss.2025.3.2.5(1)
digital twin driven deep reinforcement learning architecture for residual stress minimized path planning in wire arc additive manufacturing,Digital twin-driven deep reinforcement learning architecture for residual stress-minimized path planning in wire arc additive manufacturing,Crossref; OpenAlex,1,SSRN Electronic Journal(1),10.2139/ssrn.6797269(1)
digital twin driven evaluation of 3d printed h13 tool steel end mills for sustainable machining applications,Digital Twin-Driven Evaluation of 3D-Printed H13 Tool Steel End Mills for Sustainable Machining Applications,Crossref; OpenAlex,1,The 19th Global Congress on Manufacturing and Management (GCMM 2025)(1),10.3390/engproc2026130007(1)
digital twin driven multiscale modelling for real time defect prediction in metal additive manufacturing,Digital twin–driven multiscale modelling for real-time defect prediction in metal additive manufacturing,Crossref; OpenAlex,1,Scientific Reports(1),10.1038/s41598-026-58348-7(1)
digital twin ready acceleration of production scale wire laser additive manufacturing using nvidia omniverse,Digital twin–ready acceleration of production–scale wire laser additive manufacturing using NVIDIA omniverse,Crossref; OpenAlex,1,Results in Engineering(1),10.1016/j.rineng.2026.111005(1)
direct ink writing 3d printing of near infrared light responsive mxene liquid crystal elastomer composites,Direct ink writing 3D printing of near-infrared light-responsive MXene/liquid crystal elastomer composites,Crossref; OpenAlex,1,Chemical Engineering Journal(1),10.1016/j.cej.2025.172280(1)
direct ink writing of strained carbon nanotube based sensors toward 4d printable soft robotics,Direct Ink Writing of Strained Carbon Nanotube-Based Sensors: Toward 4D Printable Soft Robotics,Crossref; OpenAlex,1,ACS Omega(1),10.1021/acsomega.4c01171(1)
dispensing volumetric additive manufacturing,Dispensing Volumetric Additive Manufacturing,Crossref; OpenAlex,1,Advanced Functional Materials(1),10.1002/adfm.202531982(1)
diversity based topology optimization of soft robotic grippers,Diversity‐Based Topology Optimization of Soft Robotic Grippers,Crossref; OpenAlex,1,Advanced Intelligent Systems(1),10.1002/aisy.202300505(1)
dlp 4d printing of programmable molecularly engineered liquid crystal elastomer actuators,DLP 4D Printing of Programmable Molecularly‐Engineered Liquid Crystal Elastomer Actuators,Crossref; OpenAlex,1,Advanced Science(1),10.1002/advs.202517605(1)
drying oriented resolution optimization for multi material additive manufacturing a case study on coffee ring effect,Drying-oriented resolution optimization for multi-material additive manufacturing: A case study on coffee-ring effect,Crossref; OpenAlex,1,Additive manufacturing(1),10.1016/j.addma.2024.104609(1)
dual scale synergistic design oriented material stiffness and deposition path planning for enhanced performance in large format additive manufacturing of short carbon fiber components,Dual-Scale Synergistic Design: Oriented Material Stiffness and Deposition Path Planning for Enhanced Performance in Large-Format Additive Manufacturing of Short Carbon Fiber Components,Crossref; OpenAlex,1,Materials(1),10.3390/ma19112346(1)
dual wavelength vat photopolymerization 3d printing with hybrid acrylate epoxy resins influence of resin composition on microstructure and mechanical properties,Dual‐Wavelength Vat Photopolymerization 3D Printing with Hybrid Acrylate‐Epoxy Resins: Influence of Resin Composition on Microstructure and Mechanical Properties,Crossref; OpenAlex,1,Advanced Engineering Materials(1),10.1002/adem.202301699(1)
durability of stimuli responsive materials in space a review of 4d printing processes properties and prospects,"Durability of stimuli-responsive materials in space: a review of 4D printing processes, properties, and prospects",Crossref; OpenAlex,1,European Polymer Journal(1),10.1016/j.eurpolymj.2026.114895(1)
dynamic interface printing a high throughput approach for biocompatible structure fabrication using an acoustically modulated air liquid boundary,DYNAMIC INTERFACE PRINTING: A HIGH-THROUGHPUT APPROACH FOR BIOCOMPATIBLE STRUCTURE FABRICATION USING AN ACOUSTICALLY MODULATED AIR-LIQUID BOUNDARY,Crossref; OpenAlex,1,2025 MicroTAS Book of Abstracts(1),10.70477/holx1245(1)
electrical anisotropy and its mitigation in conductive polymers printed by vat photopolymerization,Electrical anisotropy and its mitigation in conductive polymers printed by vat photopolymerization,Crossref; OpenAlex,1,Additive Manufacturing(1),10.1016/j.addma.2024.104221(1)
electroconductive thermosensitive shape memory polymers manufactured by fused filament fabrication a critical review,Electroconductive Thermosensitive Shape Memory Polymers Manufactured by Fused Filament Fabrication: A Critical Review,Crossref; OpenAlex,1,Applied Sciences(1),10.3390/app152111641(1)
electrothermally controlled 3d printed shape memory polymers for near ambient temperature soft robotic applications,Electrothermally Controlled 3D‐Printed Shape Memory Polymers for Near‐Ambient Temperature Soft Robotic Applications,Crossref; OpenAlex,1,Advanced Intelligent Systems(1),10.1002/aisy.202501277(1)
engineering stimuli responsive shape morphing through high resolution 4d printing,Engineering stimuli‐responsive shape‐morphing through high‐resolution 4D printing,Crossref; OpenAlex,1,Responsive materials(1),10.1002/rpm2.70025(1)
enhancing performance and reusability of multi material honeycomb metamaterials via blended fdm,Enhancing performance and reusability of multi-material honeycomb metamaterials via blended FDM,Crossref; OpenAlex,1,International Journal of Mechanical Sciences(1),10.1016/j.ijmecsci.2026.111436(1)
enhancing product design in electric aviation through digital twins and production feedback integration,Enhancing Product Design in Electric Aviation Through Digital Twins and Production Feedback Integration,Crossref; OpenAlex,1,The 15th EASN International Conference on &amp;ldquo;Innovation in Aviation &amp;amp; Space Towards Sustainability Today &amp;amp; Tomorrow&amp;rdquo;(1),10.3390/engproc2026133021(1)
evolution of hydrogels from basic to functional,Evolution of Hydrogels – From Basic to Functional,Crossref; OpenAlex,1,Functional Hydrogels(1),10.1002/9783527854578.ch01(1)
exceptional mechanical performance by spatial printing with continuous fiber curved slicing toolpath generation and physical verification,"Exceptional mechanical performance by spatial printing with continuous fiber: Curved slicing, toolpath generation and physical verification",Crossref; OpenAlex,1,Additive manufacturing(1),10.1016/j.addma.2024.104048(1)
exploring 4d printing for biomedical applications advancements challenges and future perspectives,"Exploring 4D printing for biomedical applications: Advancements, challenges, and future perspectives",Crossref; OpenAlex,1,Bioprinting(1),10.1016/j.bprint.2025.e00436(1)
exploring advanced optical configurations for high resolution tomographic volumetric additive manufacturing,Exploring advanced optical configurations for high-resolution tomographic volumetric additive manufacturing,Crossref; OpenAlex,1,Advanced Fabrication Technologies for Micro/Nano Optics and Photonics XIX(1),10.1117/12.3091954(1)
exploring new etendue configurations for next generation blurred tomography and the volumetric fabrication of micro optical components,Exploring new etendue configurations for next-generation blurred tomography and the volumetric fabrication of micro-optical components,Crossref; OpenAlex,1,3D Printed Optics and Additive Photonic Manufacturing V(1),10.1117/12.3097707(1)
exploring the mechanical biological and degradation properties of pva and petg for engineering multi material 4d printed actuators triggered by degradation,"Exploring the mechanical, biological and degradation properties of PVA and PETG for engineering multi-material 4D printed actuators triggered by degradation",Crossref; OpenAlex,1,Additive manufacturing(1),10.1016/j.addma.2025.105074(1)
fabrication of cell culture devices with integrated microfluidic networks i via i vat multimaterial 3d printing,"Fabrication of cell culture devices with integrated microfluidic networks
                    <i>via</i>
                    vat multimaterial 3D printing",Crossref; OpenAlex,1,Journal of Materials Chemistry B(1),10.1039/d5tb01601k(1)
fabrication of ceramic to metal graded structure for high temperature csp receiver application using solid state additive manufacturing,Fabrication of ceramic to metal graded structure for high temperature CSP receiver application using solid state additive manufacturing,Crossref; OpenAlex,1,Venue unknown(1),10.2172/3364614(1)
fidelity metric with 3d shape descriptor for digital twin standardization,Fidelity Metric with 3D Shape Descriptor for Digital Twin Standardization,Crossref; OpenAlex,1,Venue unknown(1),10.21203/rs.3.rs-9785119/v1(1)
fin bayes a multi objective bayesian optimization framework for soft robotic fingers,Fin-Bayes: A Multi-Objective Bayesian Optimization Framework for Soft Robotic Fingers,Crossref; OpenAlex,1,Soft Robotics(1),10.1089/soro.2023.0134(1)
five axis coordinated multi material simultaneous 3d printing for geometrically conformal multi material structures,Five-axis coordinated multi-material simultaneous 3D printing for geometrically conformal multi-material structures,Crossref; OpenAlex,1,Virtual and Physical Prototyping(1),10.1080/17452759.2026.2655508(1)
floatarch a cable supported unreinforced and re assemblable 3d printed concrete structure designed using multi material topology optimization,"FloatArch: A cable-supported, unreinforced, and re-assemblable 3D-printed concrete structure designed using multi-material topology optimization",Crossref; OpenAlex,1,Additive manufacturing(1),10.1016/j.addma.2024.104012(1)
fluorescence profilometry for accurate volumetric additive manufacturing overprinting,Fluorescence profilometry for accurate volumetric additive manufacturing overprinting,Crossref; OpenAlex,1,3D Printed Optics and Additive Photonic Manufacturing V(1),10.1117/12.3100156(1)
from digital twins to immersive manufacturing xr and gesture based control for enhancing human robot collaboration,From Digital Twins to Immersive Manufacturing: XR and Gesture‐Based Control for Enhancing Human–Robot Collaboration,Crossref; OpenAlex,1,IET Collaborative Intelligent Manufacturing(1),10.1049/cim2.70055(1)
frugal design and ai driven optimization for open material research a multi extrusion technology platform for direct ink writing,Frugal Design and AI-Driven Optimization for Open Material Research: a Multi-Extrusion Technology Platform for Direct Ink Writing,Crossref; OpenAlex,1,Preprints.org(1),10.20944/preprints202507.0978.v1(1)
functionally multistage engageable structures for fin ray soft robotics fingers sup sup,Functionally Multistage Engageable Structures for Fin Ray Soft Robotics Fingers <sup>*</sup>,Crossref; OpenAlex,1,2025 IEEE 8th International Conference on Soft Robotics (RoboSoft)(1),10.1109/robosoft63089.2025.11020966(1)
fundamentals and uses of 4d printing on textiles,Fundamentals and Uses of 4D Printing on Textiles,Crossref; OpenAlex,1,Textiles(1),10.3390/textiles6010010(1)
fundamentals of additive manufacturing,Fundamentals of Additive Manufacturing,Crossref; OpenAlex,1,"3D Bioprinting: Advances, Challenges, and Fabricating the future(1)",10.61096/978-81-981372-6-5_3(1)
future of 4d printing in soft robotics and intelligent automation,FUTURE OF 4D PRINTING IN SOFT ROBOTICS AND INTELLIGENT AUTOMATION,Crossref; OpenAlex,1,Journal of Dynamics and Control(1),10.71058/jodac.v10i06002(1)
governing artificial intelligence for energy planning and transition shared ai governance for energy systems sages a briefing note,Governing Artificial Intelligence for Energy Planning and Transition: Shared AI Governance for Energy Systems (SAGES) - A briefing note,Crossref; OpenAlex,1,Venue unknown(1),10.33774/coe-2026-0gzfx(1)
high efficiency light engine for holographic tomographic volumetric additive manufacturing using phase light modulator plm,High efficiency light engine for holographic tomographic volumetric additive manufacturing using phase light modulator (PLM),Crossref; OpenAlex,1,Lasers and Photonics for Advanced Manufacturing II(1),10.1117/12.3099950(1)
high performance coupled opto chemical simulation of gradient index light transport in vat photopolymerization,High performance coupled opto-chemical simulation of gradient-index light transport in vat photopolymerization,Crossref; OpenAlex,1,3D Printed Optics and Additive Photonic Manufacturing V(1),10.1117/12.3100381(1)
high performance electromagnetic micropumps fabricated via multi material jetting additive manufacturing,High-performance electromagnetic micropumps fabricated via multi-material jetting additive manufacturing,Crossref; OpenAlex,1,Additive manufacturing(1),10.1016/j.addma.2025.105038(1)
high strength programmable energy dissipating liquid crystal elastomers via hydrogen bond locked 4d printing,"High-strength, programmable energy-dissipating liquid crystal elastomers via hydrogen-bond-locked 4D printing",Crossref; OpenAlex,1,iScience(1),10.1016/j.isci.2026.115746(1)
holographic tomographic volumetric additive manufacturing,Holographic tomographic volumetric additive manufacturing,Crossref; OpenAlex,1,Nature Communications(1),10.1038/s41467-025-56852-4(1)
human material interaction enabled by fused filament fabrication 4d printing,Human–Material Interaction Enabled by Fused Filament Fabrication 4D Printing,Crossref; OpenAlex,1,Advanced Engineering Materials(1),10.1002/adem.202301917(1)
hybrid injection volumetric additive manufacturing for rapid fabrication of multi material and encapsulated reinforced structures in low viscosity resins,Hybrid injection–volumetric additive manufacturing for rapid fabrication of multi-material and encapsulated reinforced structures in low-viscosity resins,Crossref; OpenAlex,1,Progress in Additive Manufacturing(1),10.1007/s40964-026-01720-w(1)
hybrid two photon polymerization and single photon tomographic volumetric additive manufacturing,Hybrid two-photon polymerization and single-photon tomographic volumetric additive manufacturing,Crossref; OpenAlex,1,3D Printed Optics and Additive Photonic Manufacturing V(1),10.1117/12.3098995(1)
identifying and characterising uncertainty in digital twin engineering,Identifying and characterising uncertainty in digital twin engineering,Crossref; OpenAlex,1,Digital Twin(1),10.1080/27525783.2026.2668886(1)
impact of advanced lubrication management systems on equipment longevity and operational efficiency in smart manufacturing environments,IMPACT OF ADVANCED LUBRICATION MANAGEMENT SYSTEMS ON EQUIPMENT LONGEVITY AND OPERATIONAL EFFICIENCY IN SMART MANUFACTURING ENVIRONMENTS,Crossref; OpenAlex,1,ASRC Procedia: Global Perspectives in Science and Scholarship(1),10.63125/r0n6bc88(1)
impact of oxygen inhibition on meth acrylate photopolymerization in tomographic volumetric printing,Impact of oxygen inhibition on (meth)acrylate photopolymerization in tomographic volumetric printing,Crossref; OpenAlex,1,Additive Manufacturing(1),10.1016/j.addma.2025.104844(1)
implementation of a digital twin in additive manufacturing of copper methodology implications and future prospects,"Implementation of a Digital Twin in Additive Manufacturing of Copper—Methodology, Implications, and Future Prospects",Crossref; OpenAlex,1,Machines(1),10.3390/machines14010097(1)
implementation of a micro electromechanical system mems phase only light modulator plm for holographic volumetric additive manufacturing,Implementation of a micro electromechanical system (MEMS) phase-only light modulator (PLM) for holographic volumetric additive manufacturing,Crossref; OpenAlex,1,Emerging Digital Micromirror Device Based Systems and Applications XVII(1),10.1117/12.3043069(1)
implicit toolpath generation for functionally graded additive manufacturing via gradient informed slicing,Implicit toolpath generation for functionally graded additive manufacturing via gradient-informed slicing,Crossref; OpenAlex,1,Additive manufacturing(1),10.1016/j.addma.2025.104963(1)
in situ interferometric curing monitoring for digital light processing based vat photopolymerization additive manufacturing,In-situ interferometric curing monitoring for digital light processing based vat photopolymerization additive manufacturing,Crossref; OpenAlex,1,Additive Manufacturing(1),10.1016/j.addma.2024.104001(1)
in situ monitoring of geometric drift and thermo mechanical modeling toward a digital twin for thin wall fused filament fabrication,In-situ monitoring of geometric drift and thermo-mechanical modeling toward a digital twin for thin-wall fused filament fabrication,Crossref; OpenAlex,1,Multifunctional Materials and Structures II(1),10.1117/12.3090447(1)
influence of surface morphology on joint properties of additively manufactured stainless steel cf peek hybrids,Influence of surface morphology on joint properties of additively manufactured stainless steel/CF-PEEK-hybrids,Crossref; OpenAlex,1,Discover Mechanical Engineering(1),10.1007/s44245-026-00234-7(1)
influence of thermal effects and fluid dynamics on part sedimentation in volumetric additive manufacturing,Influence of thermal effects and fluid dynamics on part sedimentation in volumetric additive manufacturing,Crossref; OpenAlex,1,Advances in Manufacturing(1),10.1007/s40436-026-00599-8(1)
infuse in situ material injection for 3d printing,InFuse: In-Situ Material Injection for 3D Printing,Crossref; OpenAlex,1,Venue unknown(1),10.36227/techrxiv.175329147.74597084/v1(1)
integrating 4d printing processes into stem education,Integrating 4D Printing Processes into STEM Education,Crossref; OpenAlex,1,2019 ASEE Midwest Section Conference Proceedings(1),10.18260/1-2-1153-33915(1)
integration of machine learning and digital twin in additive manufacturing of polymeric based materials and products,Integration of machine learning and digital twin in additive manufacturing of polymeric-based materials and products,Crossref; OpenAlex,1,Progress in Additive Manufacturing(1),10.1007/s40964-025-01257-4(1)
intensity adjustment of tomographic volumetric additive manufacturing projection image sets,Intensity adjustment of tomographic volumetric additive manufacturing projection image sets,Crossref; OpenAlex,1,Advanced Fabrication Technologies for Micro/Nano Optics and Photonics XIX(1),10.1117/12.3080463(1)
introduction to additive manufacturing of alloys,Introduction to Additive Manufacturing of Alloys,Crossref; OpenAlex,1,Metal Additive Manufacturing(1),10.1201/9781003731559-1(1)
investigating the influence of printing parameters on the helical deformation of 4d printed liquid crystal elastomer fiber actuators,Investigating the Influence of Printing Parameters on the Helical Deformation of 4D-printed Liquid Crystal Elastomer Fiber-actuators,Crossref; OpenAlex,1,Chinese Journal of Polymer Science(1),10.1007/s10118-025-3288-8(1)
learning based toolpath planning for bed based additive manufacturing,Learning-based toolpath planning for bed-based additive manufacturing,Crossref; OpenAlex,1,Engineering With Computers(1),10.1007/s00366-026-02334-0(1)
linear volumetric additive manufacturing of polymer structures via light initiated direct growth,Linear volumetric additive manufacturing of polymer structures via light initiated direct growth,Crossref; OpenAlex,1,Light: Advanced Manufacturing(1),10.37188/lam.2025.063(1)
liquid crystal elastomer lattices with thermally programmable deformation via multi material 3d printing,Liquid Crystal Elastomer Lattices with Thermally Programmable Deformation via Multi‐Material 3D Printing,Crossref; OpenAlex,1,Advanced Materials(1),10.1002/adma.202310743(1)
liquid crystal elastomers 4d printing,Liquid crystal elastomers 4D printing,Crossref; OpenAlex,1,Elsevier eBooks(1),10.1016/b978-0-443-13673-3.00010-9(1)
machine learning in gel based additive manufacturing from material design to process optimization,Machine Learning in Gel-Based Additive Manufacturing: From Material Design to Process Optimization,Crossref; OpenAlex,1,Gels(1),10.3390/gels11080582(1)
machine learning driven digital twin construction for additive manufacturing a review,Machine Learning-Driven Digital Twin Construction for Additive Manufacturing: A Review,Crossref; OpenAlex,1,Venue unknown(1),10.36227/techrxiv.176425541.18099212/v1(1)
machine learning driven digital twin for real time temperature prediction and adaptive process control in large scale additive manufacturing,Machine learning-driven digital twin for real-time temperature prediction and adaptive process control in large-scale additive manufacturing,Crossref; OpenAlex,1,Journal of Manufacturing Systems(1),10.1016/j.jmsy.2026.05.003(1)
maneuverability based speed and temperature adaptive robotic control m scp starc scp for fiber steering in additive manufacturing,Maneuverability‐Based Speed and Temperature Adaptive Robotic Control (M‐ <scp>STARC</scp> ) for Fiber Steering in Additive Manufacturing,Crossref; OpenAlex,1,Journal of Advanced Manufacturing and Processing(1),10.1002/amp2.70044(1)
manufacturing of 3d printed soft grippers a review,Manufacturing of 3D Printed Soft Grippers: A Review,Crossref; OpenAlex,1,IEEE Access(1),10.1109/access.2024.3369493(1)
manufacturing of metallic components via computed axial lithography and hydrogel infusion additive manufacturing,Manufacturing of metallic components via computed axial lithography and hydrogel infusion additive manufacturing,Crossref; OpenAlex,1,Advanced Fabrication Technologies for Micro/Nano Optics and Photonics XVII(1),10.1117/12.3009478(1)
material extrusion based additive manufacturing with multi legged robot fundamental investigation of path planning and manufacturing capabilities,Material extrusion-based additive manufacturing with multi-legged robot: fundamental investigation of path planning and manufacturing capabilities,Crossref; OpenAlex,1,Journal of Advanced Simulation in Science and Engineering(1),10.15748/jasse.11.222(1)
mechanical and microstructural characterization of aisi 410 stainless steel inconel 625 functionally graded bimetallic wall fabricated by wire arc additive manufacturing,Mechanical and Microstructural Characterization of AISI 410 Stainless Steel–Inconel 625 Functionally Graded Bimetallic Wall Fabricated by Wire Arc Additive Manufacturing,Crossref; OpenAlex,1,steel research international(1),10.1002/srin.202501158(1)
melt electrowriting enabled 3d liquid crystal elastomer structures for cross scale actuators and temperature field sensors,Melt electrowriting enabled 3D liquid crystal elastomer structures for cross-scale actuators and temperature field sensors,Crossref; OpenAlex,1,Science Advances(1),10.1126/sciadv.adk3854(1)
metastable phase transformations are key to graded immiscible multi materials via additive manufacturing,Metastable phase transformations are key to graded immiscible multi-materials via additive manufacturing,Crossref; OpenAlex,1,Additive manufacturing(1),10.1016/j.addma.2025.104999(1)
modern machine learning in thin film device development,Modern Machine Learning in Thin Film Device Development,Crossref; OpenAlex,1,Venue unknown(1),10.36227/techrxiv.177138925.57781587/v1(1)
mould free microneedles in a single step 3d printing with photopolymer resins for transdermal delivery,Mould-Free Microneedles in a Single Step: 3D Printing with Photopolymer Resins for Transdermal Delivery,Crossref; OpenAlex,1,Pharmaceutics(1),10.3390/pharmaceutics17111498(1)
multi axis fdm 3d printing,Multi-Axis FDM 3D Printing,Crossref; OpenAlex,1,Venue unknown(1),10.31224/5307(1)
multi color dual wavelength vat photopolymerization 3d printing via spatially controlled acidity,Multi-color dual wavelength vat photopolymerization 3D printing via spatially controlled acidity,Crossref; OpenAlex,1,Nature Communications(1),10.1038/s41467-024-48159-7(1)
multi material 3d printing of biobased epoxy resins,Multi-Material 3D Printing of Biobased Epoxy Resins,Crossref; OpenAlex,1,Polymers(1),10.3390/polym16111510(1)
multi material 4d printing employing stimuli responsive polymer composites using vat photopolymerization,Multi-material 4D printing employing stimuli-responsive polymer composites using vat photopolymerization,Crossref; OpenAlex,1,Virtual and Physical Prototyping(1),10.1080/17452759.2024.2444576(1)
multi material additive manufacturing of steel al alloy by controlling the liquid solid interface in laser beam powder bed fusion,Multi-material additive manufacturing of steel/Al alloy by controlling the liquid/solid interface in laser beam powder bed fusion,Crossref; OpenAlex,1,Additive manufacturing(1),10.1016/j.addma.2024.104529(1)
multi material ceramic hybrid additive manufacturing based on vat photopolymerization and material extrusion compound process,Multi-material ceramic hybrid additive manufacturing based on vat photopolymerization and material extrusion compound process,Crossref; OpenAlex,1,Additive manufacturing(1),10.1016/j.addma.2024.104627(1)
multi material embedded 3d printing for one step manufacturing of multifunctional components in soft robotics,Multi-material embedded 3D printing for one-step manufacturing of multifunctional components in soft robotics,Crossref; OpenAlex,1,Additive Manufacturing(1),10.1016/j.addma.2024.104178(1)
multi material glass additive manufacturing a review of materials techniques and integration challenges,"Multi-material glass additive manufacturing: a review of materials, techniques, and integration challenges",Crossref; OpenAlex,1,Progress in Additive Manufacturing(1),10.1007/s40964-026-01543-9(1)
multi material laser powder bed fusion additive manufacturing of dual phase laminated heterostructure of cantor high entropy alloy and martensitic steel for overcoming strength ductility trade off,Multi-material laser powder bed fusion additive manufacturing of dual-phase laminated heterostructure of Cantor high-entropy alloy and Martensitic steel for overcoming strength-ductility trade-off,Crossref; OpenAlex,1,Additive manufacturing(1),10.1016/j.addma.2024.104618(1)
multi material nozzle geometry design optimization for bioprinting,Multi-material nozzle geometry design optimization for bioprinting,Crossref; OpenAlex,1,Additive manufacturing(1),10.1016/j.addma.2025.104959(1)
multicolor tomographic volumetric printing property modulation and beyond,Multicolor tomographic volumetric printing: property modulation and beyond,Crossref; OpenAlex,1,Advanced Fabrication Technologies for Micro/Nano Optics and Photonics XVII(1),10.1117/12.3000331(1)
multimaterial 3d printed structures from colour selective resins,Multimaterial 3D-printed structures from colour-selective resins,Crossref; OpenAlex,1,Nature Materials(1),10.1038/s41563-025-02250-6(1)
multimaterial microrobots for ph sensing fabricated using sequential 3d and 4d printing with automated alignment,Multimaterial Microrobots for pH Sensing Fabricated Using Sequential 3D and 4D Printing with Automated Alignment,Crossref; OpenAlex,1,Advanced Materials Technologies(1),10.1002/admt.202501075(1)
multi material additive manufacturing of soft robotic systems a comprehensive review,Multi‐Material Additive Manufacturing of Soft Robotic Systems: A Comprehensive Review,Crossref; OpenAlex,1,Advanced Robotics Research(1),10.1002/adrr.202500064(1)
near term new thinking,Near term new thinking,Crossref; OpenAlex,1,Navigating an Evolving Sustainable Built Environment(1),10.1108/978-1-83662-850-720261009(1)
non planar additive manufacturing a comprehensive review of path planning system integration process control and applications,"Non-planar additive manufacturing: A comprehensive review of path planning, system integration, process control, and applications",Crossref; OpenAlex,1,Additive manufacturing(1),10.1016/j.addma.2025.105059(1)
novel approaches and applications for operational sustainability,Novel Approaches and Applications for Operational Sustainability,Crossref; OpenAlex,1,"Material Selection, Product Design and Additive Manufacturing Processes for Operational Sustainability(1)",10.1201/9781003633754-5(1)
novel printing geometries for tomographic volumetric additive manufacturing,Novel printing geometries for tomographic volumetric additive manufacturing,Crossref; OpenAlex,1,Advanced Fabrication Technologies for Micro/Nano Optics and Photonics XVIII(1),10.1117/12.3039575(1)
numerical modeling and digital twins in wire arc additive manufacturing,Numerical modeling and Digital Twins in Wire Arc Additive Manufacturing,Crossref; OpenAlex,1,Mechanics and Advanced Technologies(1),10.20535/2521-1943.2025.9.3(106).338860(1)
occlusion based model weighting for volumetric additive manufacturing around inserts,Occlusion-based model weighting for volumetric additive manufacturing around inserts,Crossref; OpenAlex,1,Virtual and Physical Prototyping(1),10.1080/17452759.2024.2407473(1)
on line inspection of lattice structures and metamaterials via in situ imaging in additive manufacturing,On-line inspection of lattice structures and metamaterials via in-situ imaging in additive manufacturing,Crossref; OpenAlex,1,Additive manufacturing(1),10.1016/j.addma.2024.104538(1)
one vat multimaterial 3d printing the devil is in the details,One-Vat Multimaterial 3D Printing: The Devil is in the Details,Crossref; OpenAlex,1,ACS Central Science(1),10.1021/acscentsci.5c00986(1)
one shot multimaterial 3d printing of a flexible spine for a robotic fish prototype,One‐Shot Multimaterial 3D Printing of a Flexible Spine for a Robotic Fish Prototype,Crossref; OpenAlex,1,Advanced Intelligent Systems(1),10.1002/aisy.70431(1)
operational analysis and strategic management of tomographic volumetric additive manufacturing systems via discrete event simulation,Operational Analysis and Strategic Management of Tomographic Volumetric Additive Manufacturing Systems via Discrete Event Simulation,Crossref; OpenAlex,1,Processes(1),10.3390/pr14111689(1)
optimal design of 3d printed flexible fingers for robotic soft gripping of agricultural products,Optimal Design of 3D-Printed Flexible Fingers for Robotic Soft Gripping of Agricultural Products,Crossref; OpenAlex,1,Actuators(1),10.3390/act14100468(1)
optimization of the design and manufacturing processes for metal additive manufacturing through digital twin,Optimization of the Design and Manufacturing Processes for Metal Additive Manufacturing Through Digital Twin,Crossref; OpenAlex,1,Processes(1),10.3390/pr14030571(1)
optimizing infill patterns for enhanced durability and resilience in direct ink writing additive manufacturing of silicone elastomers,Optimizing Infill Patterns for Enhanced Durability and Resilience in Direct Ink Writing-Additive Manufacturing of Silicone Elastomers,Crossref; OpenAlex,1,3D Printing and Additive Manufacturing(1),10.1177/23297662261459248(1)
outgrowing the 3d 4d printing technology as a vessle for lively responsive spaces,"Outgrowing the 3D: 4D Printing Technology as a Vessle for Lively, Responsive Spaces",Crossref; OpenAlex,1,International Academic Conference on Places and Technologies(1),10.18485/arh_pt.2025.10.ch39(1)
overprinting with tomographic volumetric additive manufacturing,Overprinting with tomographic volumetric additive manufacturing,Crossref; OpenAlex,1,Nature Communications(1),10.1038/s41467-026-73477-3(1)
overprinting with tomographic volumetric additive manufacturing using dr tvam,Overprinting with tomographic volumetric additive manufacturing using Dr. TVAM,Crossref; OpenAlex,1,3D Printed Optics and Additive Photonic Manufacturing V(1),10.1117/12.3098324(1)
overview of step nc and its role in advanced manufacturing,Overview of STEP-NC and Its Role in Advanced Manufacturing,Crossref; OpenAlex,1,Transforming Manufacturing With STEP-NC(1),10.4018/979-8-3373-6214-4.ch001(1)
parallax manufacturing a high dimensionality volumetric additive manufacturing framework,Parallax manufacturing: a high dimensionality volumetric additive manufacturing framework,Crossref; OpenAlex,1,Advanced Fabrication Technologies for Micro/Nano Optics and Photonics XVIII(1),10.1117/12.3048438(1)
path planning of complicated hierarchical thin wall structures using multi material additive manufacturing technology,Path planning of complicated hierarchical thin-wall structures using multi-material additive manufacturing technology,Crossref; OpenAlex,1,Functional Composites and Structures(1),10.1088/2631-6331/ad304e(1)
path planning techniques for additive manufacturing a review,Path Planning Techniques for Additive Manufacturing: A Review,Crossref; OpenAlex,1,International Journal of Computer Science and Information Technology(1),10.62051/ijcsit.v6n1.10(1)
perspective chapter cyber physical security in smart manufacturing,Perspective Chapter: Cyber Physical Security in Smart Manufacturing,Crossref; OpenAlex,1,IntechOpen eBooks(1),10.5772/intechopen.1013635(1)
photochemically induced propulsion of a 4d printed liquid crystal elastomer biomimetic swimmer,Photochemically Induced Propulsion of a 4D Printed Liquid Crystal Elastomer Biomimetic Swimmer,Crossref; OpenAlex,1,Advanced Science(1),10.1002/advs.202308561(1)
physics driven digital twin based architecture of wire arc additive manufacturing enabled by fast surrogate calculations,Physics-driven Digital Twin Based Architecture of Wire Arc Additive Manufacturing Enabled by Fast Surrogate Calculations,Crossref; OpenAlex,1,Research Square(1),10.21203/rs.3.rs-8542145/v1(1)
physics informed digital twin for melt pool prediction and stability in laser powder bed fusion of nitinol,Physics-Informed Digital Twin for Melt Pool Prediction and Stability in Laser Powder Bed Fusion of Nitinol,Crossref; OpenAlex,1,SSRN Electronic Journal(1),10.2139/ssrn.6270297(1)
physics informed neural networks for fast thermal simulation in laser wire additive manufacturing,Physics-Informed Neural Networks for Fast Thermal Simulation in Laser Wire Additive Manufacturing,Crossref; OpenAlex,1,2025 15th France-Japan &amp;amp; 13th Europe-Asia Congress on Mechatronics (MECATRONICS) / 23rd International Conference on Research and Education in Mechatronics (REM)(1),10.1109/mecatronics-rem67547.2025.11349643(1)
printing compound curved sandwich structures with robotic multi bias additive manufacturing,Printing Compound-Curved Sandwich Structures with Robotic Multi-Bias Additive Manufacturing,Crossref; OpenAlex,1,Computational design and robotic fabrication(1),10.1007/978-981-99-8405-3_44(1)
process optimization for fabricating mgo ceramics with vat photopolymerization additive manufacturing,Process Optimization for Fabricating MgO Ceramics with Vat Photopolymerization Additive Manufacturing,Crossref; OpenAlex,1,Venue unknown(1),10.2172/3365093(1)
programmed multimaterial assembly by synergized 3d printing and freeform laser induction,Programmed multimaterial assembly by synergized 3D printing and freeform laser induction,Crossref; OpenAlex,1,Nature Communications(1),10.1038/s41467-024-48919-5(1)
quality centric digital twins in additive manufacturing a review of the state of the art challenges and future directions,"Quality-centric digital twins in additive manufacturing: a review of the state-of-the-art, challenges, and future directions",Crossref; OpenAlex,1,Digital Twin(1),10.1080/27525783.2026.2613469(1)
recent progress in 4d printing materials methods and applications,"Recent progress in 4D printing: materials, methods and applications",Crossref; OpenAlex,1,4D Printing(1),10.1108/4dp-03-2026-0005(1)
reinforced scan a reinforcement learning enabled optimal laser scan path planning in laser powder bed fusion additive manufacturing,Reinforced scan: a reinforcement learning enabled optimal laser scan path planning in laser powder bed fusion additive manufacturing,Crossref; OpenAlex,1,The International Journal of Advanced Manufacturing Technology(1),10.1007/s00170-025-17144-9(1)
reinforcement learning for multi objective toolpath optimization in large scale additive manufacturing a novel rl moto framework integrating mechanical precision with civil engineering scale requirements,Reinforcement Learning for Multi-Objective Toolpath Optimization in Large-Scale Additive Manufacturing: A Novel RL-MOTO Framework Integrating Mechanical Precision with Civil Engineering Scale Requirements,Crossref; OpenAlex,1,International Research Journal of Modernization in Engineering Technology &amp; Science(1),10.56726/irjmets86740(1)
reinforcement learning enabled design of topological interlocking materials for sustainable multi material additive manufacturing,Reinforcement learning-enabled design of topological interlocking materials for sustainable multi-material additive manufacturing,Crossref; OpenAlex,1,Additive manufacturing(1),10.1016/j.addma.2025.104992(1)
research progress of volumetric additive manufacturing,Research Progress of Volumetric Additive Manufacturing,Crossref; OpenAlex,1,Applied and Computational Engineering(1),10.54254/2755-2721/2025.gl27143(1)
resolving hydrophilic hydrophobic resin mismatch for single step volumetric additive manufacturing of cell adhesive polyesters,Resolving hydrophilic–hydrophobic resin mismatch for single-step volumetric additive manufacturing of cell-adhesive polyesters,Crossref; OpenAlex,1,Additive Manufacturing(1),10.1016/j.addma.2025.105009(1)
revealing the interplay between element mixing intermetallics and microcracks in multi material laser additive manufacturing,"Revealing the interplay between element mixing, intermetallics, and microcracks in multi-material laser additive manufacturing",Crossref; OpenAlex,1,Additive manufacturing(1),10.1016/j.addma.2025.104971(1)
review of the integration of fused filament fabrication with complementary methods for fabricating hierarchical porous polymer structures,Review of the Integration of Fused Filament Fabrication with Complementary Methods for Fabricating Hierarchical Porous Polymer Structures,Crossref; OpenAlex,1,Applied Sciences(1),10.3390/app15179703(1)
review of vat photopolymerization 3d printing of photonic devices,Review of vat photopolymerization 3D printing of photonic devices,Crossref; OpenAlex,1,Additive manufacturing(1),10.1016/j.addma.2024.104189(1)
review of the evolution and future of pediatric cardiology,"Review of: ""The Evolution and Future of Pediatric Cardiology""",Crossref; OpenAlex,1,Venue unknown(1),10.32388/i7spe1(1)
review application of 3d printing technology in soft robots,Review: Application of 3D Printing Technology in Soft Robots,Crossref; OpenAlex,1,3D Printing and Additive Manufacturing(1),10.1089/3dp.2023.0127(1)
rigid flexible coupled origami robots via multimaterial 3d printing,Rigid-flexible coupled origami robots via multimaterial 3D printing,Crossref; OpenAlex,1,Smart Materials and Structures(1),10.1088/1361-665x/ad212c(1)
robotic conformal 4d printing of liquid crystal elastomers,Robotic conformal 4D printing of liquid crystal elastomers,Crossref; OpenAlex,1,Science Advances(1),10.1126/sciadv.aeb2417(1)
robotic systems for advanced additive manufacturing,Robotic systems for advanced additive manufacturing,Crossref; OpenAlex,1,Multidiszciplináris Tudományok(1),10.35925/j.multi.2024.2.20(1)
rotary 4d printing of programmable metamaterials on sustainable 4d mandrel,Rotary 4D Printing of Programmable Metamaterials on Sustainable 4D Mandrel,Crossref; OpenAlex,1,Advanced Materials Technologies(1),10.1002/admt.202501581(1)
rotary robotic additive manufacturing type synthesis process planning and applications,"Rotary Robotic Additive Manufacturing: Type Synthesis, Process Planning, and Applications",Crossref; OpenAlex,1,Industrial engineering and management.(1),10.5772/intechopen.1007333(1)
selective infusion of spatially controlled domains via vat photopolymerization 3d printing for chemically diverse multimaterial parts,Selective infusion of spatially controlled domains via vat photopolymerization 3D-printing for chemically diverse multimaterial parts,Crossref; OpenAlex,1,Nature Communications(1),10.1038/s41467-025-66128-6(1)
self driving laboratory optimizes the lower critical solution temperature of thermoresponsive polymers,Self‐Driving Laboratory Optimizes the Lower Critical Solution Temperature of Thermoresponsive Polymers,Crossref; OpenAlex,1,Advanced Intelligent Discovery(1),10.1002/aidi.202500177(1)
shape optimization of thin wall geometries for layer based direct deposition additive manufacturing,Shape Optimization of Thin-Wall Geometries for Layer-Based Direct Deposition Additive Manufacturing,Crossref; OpenAlex,1,Vth International Conference on Simulation for Additive Manufacturing(1),10.23967/simam.2025.004(1)
shape morphing photo crosslinked alginate hydrogels via digital light processing 4d printing,Shape-morphing photo-crosslinked alginate hydrogels via digital light processing 4D printing,Crossref; OpenAlex,1,Applied Materials Today(1),10.1016/j.apmt.2025.103064(1)
shape memory hydrogels,Shape‐memory Hydrogels,Crossref; OpenAlex,1,Functional Hydrogels(1),10.1002/9783527854578.ch08(1)
simulation in the loop additive manufacturing for real time structural validation and digital twin development,Simulation-in-the-loop additive manufacturing for real-time structural validation and digital twin development,Crossref; OpenAlex,1,Additive Manufacturing(1),10.1016/j.addma.2024.104631(1)
simultaneous topology and toolpath optimization for layer free multi axis additive manufacturing of 3d composite structures,Simultaneous topology and toolpath optimization for layer-free multi-axis additive manufacturing of 3D composite structures,Crossref; OpenAlex,1,Additive manufacturing(1),10.1016/j.addma.2025.104774(1)
single process 3d printed bimorph electrothermal soft actuators,Single-process 3D-printed bimorph electrothermal soft actuators,Crossref; OpenAlex,1,International Journal of Mechanical Sciences(1),10.1016/j.ijmecsci.2025.110299(1)
smart civil systems design construction and maintenance in the digital era,"SMART CIVIL SYSTEMS: DESIGN, CONSTRUCTION, AND MAINTENANCE IN THE DIGITAL ERA",Crossref; OpenAlex,1,IIP Series(1),10.58532/nbennurscsdcm(1)
smart materials for smart robots multi scale conductivity modeling in 3d printed polymer composites,Smart Materials for Smart Robots: Multi-Scale Conductivity Modeling in 3D-Printed Polymer Composites,Crossref; OpenAlex,1,"2026 6th International Conference on Innovative Research in Applied Science, Engineering and Technology (IRASET)(1)",10.1109/iraset68627.2026.11538866(1)
spatially tailorable liquid crystalline elastomer alignment during digital light process 3d printing,Spatially Tailorable Liquid Crystalline Elastomer Alignment During Digital Light Process 3D Printing,Crossref; OpenAlex,1,Advanced Functional Materials(1),10.1002/adfm.202522676(1)
spatiotemporally programmed dielectric liquid crystal elastomer electro reversible 3d morphing via inverse 4d printing,Spatiotemporally programmed dielectric liquid crystal elastomer: Electro-reversible 3D morphing via inverse 4D printing,Crossref; OpenAlex,1,Science Advances(1),10.1126/sciadv.aeb2289(1)
step nc based framework for additive manufacturing systems,STEP-NC-Based Framework for Additive Manufacturing Systems,Crossref; OpenAlex,1,Transforming Manufacturing With STEP-NC(1),10.4018/979-8-3373-6214-4.ch003(1)
stimulus responsive gradient hydrogel micro actuators fabricated by two photon polymerization based 4d printing,Stimulus-responsive gradient hydrogel micro-actuators fabricated by two-photon polymerization-based 4D printing,Crossref; OpenAlex,1,Nanotechnology Reviews(1),10.1515/ntrev-2025-0145(1)
structural design of a multimaterial dlp photocuring 3d printer for unsupported printing,Structural design of a multimaterial DLP photocuring 3D printer for unsupported printing,Crossref; OpenAlex,1,"International Conference on Mechanical, Engineering, and Interaction Design (ICMEID 2025)(1)",10.1117/12.3088793(1)
sweat gland inspired skin soft actuators of the liquid crystal elastomer enabled by 3d printing,Sweat gland-inspired skin soft actuators of the liquid crystal elastomer enabled by 3D printing,Crossref; OpenAlex,1,Chemical Engineering Journal(1),10.1016/j.cej.2025.160261(1)
systematic review of multiscale thermal prediction models for fdm fff additive manufacturing toward digital twin integration with physics informed machine learning,Systematic review of multiscale thermal prediction models for FDM/FFF additive manufacturing: Toward digital twin integration with physics-informed machine learning,Crossref; OpenAlex,1,Results in Engineering(1),10.1016/j.rineng.2025.108087(1)
tailored helix morphing of 3d printed liquid crystal elastomer bilayers,Tailored helix morphing of 3D-printed liquid crystal elastomer bilayers,Crossref; OpenAlex,1,Cell Reports Physical Science(1),10.1016/j.xcrp.2025.102835(1)
technological progress and challenges of volumetric additive manufacturing technology,Technological progress and challenges of volumetric additive manufacturing technology,Crossref; OpenAlex,1,Virtual and Physical Prototyping(1),10.1080/17452759.2026.2617762(1)
the development and characterisation of 3d printed multi material thermistor,The development and characterisation of 3D-printed multi-material thermistor,Crossref; OpenAlex,1,Additive manufacturing(1),10.1016/j.addma.2024.104510(1)
the rise of smart materials,The Rise of Smart Materials,Crossref; OpenAlex,1,4D Printing Technology(1),10.1002/9781394213795.ch3(1)
thermal conductivity of three dimensional multi material core shell filament structures obtained by material extrusion,Thermal conductivity of three-dimensional multi-material core-shell filament structures obtained by material extrusion,Crossref; OpenAlex,1,Additive manufacturing(1),10.1016/j.addma.2024.104018(1)
thermomechanical modelling and shape prediction in 4d printing using fea,Thermomechanical Modelling and Shape Prediction in 4D Printing Using FEA,Crossref; OpenAlex,1,Key engineering materials(1),10.4028/p-li38bj(1)
thin film dlp 3d printing of multi material parts with closed cell internal voids,Thin-film DLP 3D printing of multi-material parts with closed-cell internal voids,Crossref; OpenAlex,1,npj Advanced Manufacturing(1),10.1038/s44334-026-00076-x(1)
tomographic projection optimization for volumetric additive manufacturing with general band constraint lp norm minimization,Tomographic projection optimization for volumetric additive manufacturing with general band constraint Lp-norm minimization,Crossref; OpenAlex,1,Additive Manufacturing(1),10.1016/j.addma.2024.104447(1)
tomographic volumetric additive manufacturing of silica glass with in situ error calculation and projection tiling,Tomographic Volumetric Additive Manufacturing of Silica Glass with In Situ Error Calculation and Projection Tiling,Crossref; OpenAlex,1,Advanced Materials Technologies(1),10.1002/admt.202501649(1)
topological spectral cybersecurity models for detecting network anomalies in critical infrastructure,Topological-Spectral Cybersecurity Models for Detecting Network Anomalies in Critical Infrastructure,Crossref; OpenAlex,1,Venue unknown(1),10.62311/nesx/rb6m-978-81-686966-4-8(1)
toward dlp 4d printing of liquid crystal elastomers tailored properties via non mesogenic linkers,Toward DLP 4D printing of liquid crystal elastomers: Tailored properties via non-mesogenic linkers,Crossref; OpenAlex,1,European Polymer Journal(1),10.1016/j.eurpolymj.2024.113648(1)
towards a fully differentiable digital twin for solar cells,Towards a fully differentiable digital twin for solar cells,Crossref; OpenAlex,1,Computational Optics 2026(1),10.1117/12.3099007(1)
towards digital twin based robotic additive manufacturing for wind turbine blade repair,Towards digital twin-based robotic additive manufacturing for wind turbine blade repair,Crossref; OpenAlex,1,Frontiers in Mechanical Engineering(1),10.3389/fmech.2026.1847187(1)
towards support free printing in extrusion based additive manufacturing path planning and process control,Towards Support-Free Printing in Extrusion-Based Additive Manufacturing: Path Planning and Process Control,Crossref; OpenAlex,1,Volume 1: Additive Manufacturing &amp; 3D Printing(1),10.1115/imece-india2025-160285(1)
triply periodic minimal surfaces structures in energy absorption a review of geometric topologies manufacturing constraints and future smart materials,"TRIPLY PERIODIC MINIMAL SURFACES STRUCTURES IN ENERGY ABSORPTION: A REVIEW OF GEOMETRIC TOPOLOGIES, MANUFACTURING CONSTRAINTS, AND FUTURE SMART MATERIALS",Crossref; OpenAlex,1,Journal of Nanomaterials and Applications(1),10.65273/hhit.jna.2026.2.2.035(1)
two photon polymerization based 4d printing of poly n isopropylacrylamide hydrogel microarchitectures for reversible shape morphing,Two-photon polymerization based 4D printing of poly(N-isopropylacrylamide) hydrogel microarchitectures for reversible shape morphing,Crossref; OpenAlex,1,Scientific Reports(1),10.1038/s41598-025-06269-2(1)
types of metal 3d printing,Types of Metal 3D Printing,Crossref; OpenAlex,1,Metal Additive Manufacturing(1),10.1201/9781003731559-3(1)
uncertainty aware physics guided digital twins for lithium ion batteries toward integrated health safety and fast charging management,"Uncertainty-Aware Physics-Guided Digital Twins for Lithium-Ion Batteries: Toward Integrated Health, Safety, and Fast-Charging Management",Crossref; OpenAlex,1,Venue unknown(1),10.20517/scierxiv202605.0340.v1(1)
unlocking multiscale metallic metamaterials via lithography additive manufacturing,Unlocking multiscale metallic metamaterials via lithography additive manufacturing,Crossref; OpenAlex,1,Virtual and Physical Prototyping(1),10.1080/17452759.2024.2339368(1)
using viscoplastic fluid to suppress part sedimentation in volumetric additive manufacturing,Using viscoplastic fluid to suppress part sedimentation in volumetric additive manufacturing,Crossref; OpenAlex,1,Progress in Additive Manufacturing(1),10.1007/s40964-024-00758-y(1)
versatile 3d printed fin ray effect soft robotic fingers lightweight optimization and performance analysis,Versatile 3D-printed fin-ray effect soft robotic fingers: lightweight optimization and performance analysis,Crossref; OpenAlex,1,Journal of the Brazilian Society of Mechanical Sciences and Engineering(1),10.1007/s40430-024-04957-0(1)
visualizing catalyst materials with multi material 3d printing,Visualizing Catalyst Materials with Multi-Material 3D Printing,Crossref; OpenAlex,1,ChemRxiv(1),10.26434/chemrxiv.15001042/v1(1)
volumetric additive manufacturing for cell printing bridging industry adaptation and regulatory frontiers,Volumetric Additive Manufacturing for Cell Printing: Bridging Industry Adaptation and Regulatory Frontiers,Crossref; OpenAlex,1,ACS Biomaterials Science &amp; Engineering(1),10.1021/acsbiomaterials.4c01837(1)
volumetric additive manufacturing of complex geometries around complex inserts,Volumetric additive manufacturing of complex geometries around complex inserts,Crossref; OpenAlex,1,Scientific Reports(1),10.1038/s41598-026-35258-2(1)
volumetric additive manufacturing of gradient composition glass,Volumetric Additive Manufacturing of Gradient Composition Glass,Crossref; OpenAlex,1,Venue unknown(1),10.2172/3021939(1)
volumetric additive manufacturing of hollow core photonic crystal fiber structures for thz frequencies,Volumetric Additive Manufacturing of Hollow-Core Photonic Crystal Fiber Structures for THz Frequencies,Crossref; OpenAlex,1,2025 Conference on Lasers and Electro-Optics Europe &amp;amp; European Quantum Electronics Conference (CLEO/Europe-EQEC)(1),10.1109/cleo/europe-eqec65582.2025.11109744(1)
volumetric additive manufacturing of sioc by xolography,Volumetric Additive Manufacturing of SiOC by Xolography,Crossref; OpenAlex,1,Small(1),10.1002/smll.202402356(1)
volumetric additive manufacturing a new frontier in layer less 3d printing,Volumetric additive manufacturing: A new frontier in layer-less 3D printing,Crossref; OpenAlex,1,Additive Manufacturing(1),10.1016/j.addma.2024.104094(1)
volumetric additive manufacturing where do we go from here?,Volumetric additive manufacturing: where do we go from here?,Crossref; OpenAlex,1,Advanced Fabrication Technologies for Micro/Nano Optics and Photonics XVIII(1),10.1117/12.3047445(1)
volumetric fabrication without lenses a world first demonstration,Volumetric fabrication without lenses: a world-first demonstration,Crossref; OpenAlex,1,Laser 3D Manufacturing XIII(1),10.1117/12.3080942(1)
volumetric printing by reverse tomography a new paradigm in additive manufacturing,Volumetric printing by reverse tomography: a new paradigm in additive manufacturing,Crossref; OpenAlex,1,3D Printed Optics and Additive Photonic Manufacturing V(1),10.1117/12.3109818(1)
volumetric printing of carbon based architectures,Volumetric printing of carbon-based architectures,Crossref; OpenAlex,1,3D Printed Optics and Additive Photonic Manufacturing V(1),10.1117/12.3097608(1)
white paper scalable digital twin capabilities for aging and surveillance of engineered systems,White Paper: Scalable Digital Twin Capabilities for Aging and Surveillance of Engineered Systems,Crossref; OpenAlex,1,Venue unknown(1),10.2172/3001797(1)
wirely an all encompassing universal scalable corrective digital twin for additive manufacturing systems,"WIRELY: An all-encompassing universal, scalable, corrective, digital twin for Additive Manufacturing systems",Crossref; OpenAlex,1,Next Materials(1),10.1016/j.nxmate.2026.102367(1)
fdm fff,МЕЖІ КОМП’ЮТЕРНОГО ЗОРУ В КОНТРОЛІ ЯКОСТІ FDM/FFF ДРУКУ ТА АЛЬТЕРНАТИВНІ МЕТОДИ ДІАГНОСТИКИ,Crossref; OpenAlex,1,Herald of Khmelnytskyi National University. Technical sciences(1),10.31891/2307-5732-2026-365-98(1)
