classification,venue,source_union,record_count,unique_paper_keys,curated_records,archive_records
both_openalex_crossref,Venue unknown,Crossref; OpenAlex,227,227,50,177
both_openalex_crossref,Nature Communications,Crossref; OpenAlex,67,67,56,11
both_openalex_crossref,Additive manufacturing,Crossref; OpenAlex,62,62,54,8
both_openalex_crossref,Additive Manufacturing,Crossref; OpenAlex,56,56,39,17
both_openalex_crossref,Polymers,Crossref; OpenAlex,42,42,26,16
both_openalex_crossref,Progress in Additive Manufacturing,Crossref; OpenAlex,40,40,14,26
both_openalex_crossref,Virtual and Physical Prototyping,Crossref; OpenAlex,40,40,29,11
both_openalex_crossref,The International Journal of Advanced Manufacturing Technology,Crossref; OpenAlex,37,37,16,21
both_openalex_crossref,Advanced Materials,Crossref; OpenAlex,35,35,24,11
both_openalex_crossref,3D Printing and Additive Manufacturing,Crossref; OpenAlex,34,34,21,13
both_openalex_crossref,Advanced Materials Technologies,Crossref; OpenAlex,33,33,25,8
both_openalex_crossref,Digital Twin,Crossref; OpenAlex,30,30,5,25
both_openalex_crossref,Materials,Crossref; OpenAlex,27,27,15,12
both_openalex_crossref,Scientific Reports,Crossref; OpenAlex,27,27,14,13
both_openalex_crossref,Journal of Manufacturing Systems,Crossref; OpenAlex,26,26,11,15
both_openalex_crossref,Research Square,Crossref; OpenAlex,25,25,12,13
both_openalex_crossref,Advanced Science,Crossref; OpenAlex,22,22,19,3
both_openalex_crossref,Advanced Functional Materials,Crossref; OpenAlex,21,21,13,8
both_openalex_crossref,Applied Sciences,Crossref; OpenAlex,21,21,12,9
both_openalex_crossref,Journal of Manufacturing and Materials Processing,Crossref; OpenAlex,20,20,8,12
both_openalex_crossref,Robotics and Computer-Integrated Manufacturing,Crossref; OpenAlex,19,19,5,14
both_openalex_crossref,Journal of Intelligent Manufacturing,Crossref; OpenAlex,18,18,8,10
both_openalex_crossref,ChemRxiv,Crossref; OpenAlex,17,17,7,10
both_openalex_crossref,Preprints.org,Crossref; OpenAlex,15,15,3,12
both_openalex_crossref,Science Advances,Crossref; OpenAlex,15,15,13,2
both_openalex_crossref,4D Printing,Crossref; OpenAlex,14,14,2,12
both_openalex_crossref,Journal of Manufacturing Processes,Crossref; OpenAlex,13,13,2,11
both_openalex_crossref,Machines,Crossref; OpenAlex,13,13,6,7
both_openalex_crossref,Advanced Engineering Materials,Crossref; OpenAlex,12,12,9,3
both_openalex_crossref,Advanced Intelligent Systems,Crossref; OpenAlex,12,12,8,4
both_openalex_crossref,Rapid Prototyping Journal,Crossref; OpenAlex,12,12,8,4
both_openalex_crossref,International Journal of Extreme Manufacturing,Crossref; OpenAlex,11,11,10,1
both_openalex_crossref,Volume 1: Additive Manufacturing; Advanced Materials Manufacturing; Biomanufacturing; Life Cycle Engineering,Crossref; OpenAlex,11,11,4,7
both_openalex_crossref,Additive Manufacturing Letters,Crossref; OpenAlex,10,10,6,4
both_openalex_crossref,Frontiers in Bioengineering and Biotechnology,Crossref; OpenAlex,10,10,5,5
both_openalex_crossref,Frontiers in Mechanical Engineering,Crossref; OpenAlex,10,10,5,5
both_openalex_crossref,Gels,Crossref; OpenAlex,10,10,3,7
both_openalex_crossref,Materials Today Communications,Crossref; OpenAlex,10,10,4,6
both_openalex_crossref,Processes,Crossref; OpenAlex,10,10,3,7
both_openalex_crossref,ACS Omega,Crossref; OpenAlex,9,9,5,4
both_openalex_crossref,Micromachines,Crossref; OpenAlex,9,9,8,1
both_openalex_crossref,Smart Materials and Structures,Crossref; OpenAlex,9,9,5,4
both_openalex_crossref,Volume 1: Additive Manufacturing &amp; 3D Printing,Crossref; OpenAlex,9,9,2,7
both_openalex_crossref,3D Printed Optics and Additive Photonic Manufacturing V,Crossref; OpenAlex,8,8,8,0
both_openalex_crossref,Chemical Engineering Journal,Crossref; OpenAlex,8,8,1,7
both_openalex_crossref,Nature Materials,Crossref; OpenAlex,8,8,8,0
both_openalex_crossref,npj Advanced Manufacturing,Crossref; OpenAlex,8,8,4,4
both_openalex_crossref,4D Printing Technology,Crossref; OpenAlex,7,7,0,7
both_openalex_crossref,Additive Manufacturing Frontiers,Crossref; OpenAlex,7,7,4,3
both_openalex_crossref,Advanced Fabrication Technologies for Micro/Nano Optics and Photonics XVII,Crossref; OpenAlex,7,7,7,0
both_openalex_crossref,Advanced Fabrication Technologies for Micro/Nano Optics and Photonics XVIII,Crossref; OpenAlex,7,7,7,0
both_openalex_crossref,Digital Discovery,Crossref; OpenAlex,7,7,4,3
both_openalex_crossref,IntechOpen eBooks,Crossref; OpenAlex,7,7,2,5
both_openalex_crossref,Journal of Materials Research and Technology,Crossref; OpenAlex,7,7,1,6
both_openalex_crossref,Small,Crossref; OpenAlex,7,7,6,1
both_openalex_crossref,SSRN Electronic Journal,Crossref; OpenAlex,7,7,2,5
both_openalex_crossref,ACS Central Science,Crossref; OpenAlex,6,6,5,1
both_openalex_crossref,European Polymer Journal,Crossref; OpenAlex,6,6,3,3
both_openalex_crossref,Journal of Composites Science,Crossref; OpenAlex,6,6,4,2
both_openalex_crossref,Materials Science in Additive Manufacturing,Crossref; OpenAlex,6,6,0,6
both_openalex_crossref,Results in Engineering,Crossref; OpenAlex,6,6,2,4
both_openalex_crossref,"ROB|ARCH2024 – Robotic Fabrication in Architecture, Art and Design",Crossref; OpenAlex,6,6,5,1
both_openalex_crossref,Actuators,Crossref; OpenAlex,5,5,4,1
both_openalex_crossref,Advanced Intelligent Discovery,Crossref; OpenAlex,5,5,3,2
both_openalex_crossref,Applied and Computational Engineering,Crossref; OpenAlex,5,5,2,3
both_openalex_crossref,Buildings,Crossref; OpenAlex,5,5,0,5
both_openalex_crossref,Electronics,Crossref; OpenAlex,5,5,3,2
both_openalex_crossref,Engineering Research Express,Crossref; OpenAlex,5,5,2,3
both_openalex_crossref,International Journal For Multidisciplinary Research,Crossref; OpenAlex,5,5,2,3
both_openalex_crossref,Macromolecular Materials and Engineering,Crossref; OpenAlex,5,5,5,0
both_openalex_crossref,Materials Advances,Crossref; OpenAlex,5,5,5,0
both_openalex_crossref,Metals,Crossref; OpenAlex,5,5,2,3
both_openalex_crossref,Open Ceramics,Crossref; OpenAlex,5,5,3,2
both_openalex_crossref,Soft Robotics,Crossref; OpenAlex,5,5,5,0
both_openalex_crossref,2025 IEEE 8th International Conference on Soft Robotics (RoboSoft),Crossref; OpenAlex,4,4,4,0
both_openalex_crossref,Applied Materials Today,Crossref; OpenAlex,4,4,2,2
both_openalex_crossref,Beton- und Stahlbetonbau,Crossref; OpenAlex,4,4,2,2
both_openalex_crossref,Cell Reports Physical Science,Crossref; OpenAlex,4,4,4,0
both_openalex_crossref,Chem & Bio Engineering,Crossref; OpenAlex,4,4,3,1
both_openalex_crossref,Discover Mechanical Engineering,Crossref; OpenAlex,4,4,3,1
both_openalex_crossref,IEEE Access,Crossref; OpenAlex,4,4,1,3
both_openalex_crossref,International Journal of Bioprinting,Crossref; OpenAlex,4,4,4,0
both_openalex_crossref,International Journal of Precision Engineering and Manufacturing-Green Technology,Crossref; OpenAlex,4,4,2,2
both_openalex_crossref,Journal of Functional Biomaterials,Crossref; OpenAlex,4,4,4,0
both_openalex_crossref,Macromolecular Rapid Communications,Crossref; OpenAlex,4,4,1,3
both_openalex_crossref,Materials Horizons,Crossref; OpenAlex,4,4,3,1
both_openalex_crossref,Next Materials,Crossref; OpenAlex,4,4,2,2
both_openalex_crossref,npj Computational Materials,Crossref; OpenAlex,4,4,0,4
both_openalex_crossref,Advanced Robotics Research,Crossref; OpenAlex,3,3,3,0
both_openalex_crossref,Automation in Construction,Crossref; OpenAlex,3,3,2,1
both_openalex_crossref,Biofabrication,Crossref; OpenAlex,3,3,0,3
both_openalex_crossref,Designs,Crossref; OpenAlex,3,3,1,2
both_openalex_crossref,Engineering Science in Additive Manufacturing,Crossref; OpenAlex,3,3,2,1
both_openalex_crossref,IEEE Robotics and Automation Letters,Crossref; OpenAlex,3,3,3,0
both_openalex_crossref,Information,Crossref; OpenAlex,3,3,1,2
both_openalex_crossref,International Journal of Mechanical Sciences,Crossref; OpenAlex,3,3,0,3
both_openalex_crossref,International Journal on Interactive Design and Manufacturing (IJIDeM),Crossref; OpenAlex,3,3,1,2
both_openalex_crossref,Journal of Manufacturing Science and Engineering,Crossref; OpenAlex,3,3,2,1
both_openalex_crossref,Journal of Thermoplastic Composite Materials,Crossref; OpenAlex,3,3,3,0
both_openalex_crossref,Laser 3D Manufacturing XIII,Crossref; OpenAlex,3,3,2,1
both_openalex_crossref,Metal Additive Manufacturing,Crossref; OpenAlex,3,3,2,1
both_openalex_crossref,Nano Research,Crossref; OpenAlex,3,3,2,1
both_openalex_crossref,Polymer Chemistry,Crossref; OpenAlex,3,3,3,0
both_openalex_crossref,Science Robotics,Crossref; OpenAlex,3,3,3,0
both_openalex_crossref,Small Methods,Crossref; OpenAlex,3,3,3,0
both_openalex_crossref,steel research international,Crossref; OpenAlex,3,3,0,3
both_openalex_crossref,Structural and Multidisciplinary Optimization,Crossref; OpenAlex,3,3,0,3
both_openalex_crossref,Systems,Crossref; OpenAlex,3,3,1,2
both_openalex_crossref,Technologies,Crossref; OpenAlex,3,3,1,2
both_openalex_crossref,"Advanced composite materials, biopolymers, and additive manufacturing for oil-gas-chemical engineering (English edition)",Crossref; OpenAlex,2,2,2,0
both_openalex_crossref,Advanced Energy Materials,Crossref; OpenAlex,2,2,1,1
both_openalex_crossref,Advanced Fabrication Technologies for Micro/Nano Optics and Photonics XIX,Crossref; OpenAlex,2,2,2,0
both_openalex_crossref,Advances in Computational Science and Engineering,Crossref; OpenAlex,2,2,1,1
both_openalex_crossref,Advances in Manufacturing,Crossref; OpenAlex,2,2,2,0
both_openalex_crossref,Aerospace,Crossref; OpenAlex,2,2,0,2
both_openalex_crossref,Applied Physics Reviews,Crossref; OpenAlex,2,2,1,1
both_openalex_crossref,Bioprinting,Crossref; OpenAlex,2,2,2,0
both_openalex_crossref,Chemical Reviews,Crossref; OpenAlex,2,2,0,2
both_openalex_crossref,Chinese Journal of Polymer Science,Crossref; OpenAlex,2,2,1,1
both_openalex_crossref,CIRP Annals,Crossref; OpenAlex,2,2,1,1
both_openalex_crossref,Discover Sustainability,Crossref; OpenAlex,2,2,1,1
both_openalex_crossref,Engineering and Technology Journal,Crossref; OpenAlex,2,2,0,2
both_openalex_crossref,Engineering Structures,Crossref; OpenAlex,2,2,1,1
both_openalex_crossref,Food Research International,Crossref; OpenAlex,2,2,1,1
both_openalex_crossref,Functional Hydrogels,Crossref; OpenAlex,2,2,2,0
both_openalex_crossref,Heliyon,Crossref; OpenAlex,2,2,1,1
both_openalex_crossref,IET Collaborative Intelligent Manufacturing,Crossref; OpenAlex,2,2,1,1
both_openalex_crossref,Industrial engineering and management.,Crossref; OpenAlex,2,2,2,0
both_openalex_crossref,Informatica,Crossref; OpenAlex,2,2,1,1
both_openalex_crossref,INTERANTIONAL JOURNAL OF SCIENTIFIC RESEARCH IN ENGINEERING AND MANAGEMENT,Crossref; OpenAlex,2,2,2,0
both_openalex_crossref,International Journal of Advanced Computer Science and Applications,Crossref; OpenAlex,2,2,0,2
both_openalex_crossref,International Journal of Material Forming,Crossref; OpenAlex,2,2,0,2
both_openalex_crossref,International Multidisciplinary Journal of Emerging Technologies and Applications,Crossref; OpenAlex,2,2,1,1
both_openalex_crossref,iScience,Crossref; OpenAlex,2,2,2,0
both_openalex_crossref,Journal of Advanced Ceramics,Crossref; OpenAlex,2,2,1,1
both_openalex_crossref,Journal of Advanced Manufacturing Systems,Crossref; OpenAlex,2,2,1,1
both_openalex_crossref,Journal of Computing and Information Science in Engineering,Crossref; OpenAlex,2,2,1,1
both_openalex_crossref,Journal of Intelligent Manufacturing and Special Equipment,Crossref; OpenAlex,2,2,0,2
both_openalex_crossref,Journal of Intelligent Material Systems and Structures,Crossref; OpenAlex,2,2,2,0
both_openalex_crossref,Journal of Materials Chemistry B,Crossref; OpenAlex,2,2,1,1
both_openalex_crossref,Journal of Pharmaceutical Innovation,Crossref; OpenAlex,2,2,0,2
both_openalex_crossref,Journal of the Brazilian Society of Mechanical Sciences and Engineering,Crossref; OpenAlex,2,2,1,1
both_openalex_crossref,Key engineering materials,Crossref; OpenAlex,2,2,2,0
both_openalex_crossref,"Material Selection, Product Design and Additive Manufacturing Processes for Operational Sustainability",Crossref; OpenAlex,2,2,1,1
both_openalex_crossref,Matter,Crossref; OpenAlex,2,2,1,1
both_openalex_crossref,MRS Communications,Crossref; OpenAlex,2,2,2,0
both_openalex_crossref,Polymer Composites,Crossref; OpenAlex,2,2,1,1
both_openalex_crossref,Proceedings of DRS,Crossref; OpenAlex,2,2,2,0
both_openalex_crossref,Responsive materials,Crossref; OpenAlex,2,2,1,1
both_openalex_crossref,Transforming Manufacturing With STEP-NC,Crossref; OpenAlex,2,2,0,2
both_openalex_crossref,2019 ASEE Midwest Section Conference Proceedings,Crossref; OpenAlex,1,1,0,1
both_openalex_crossref,2024 International Conference on Cognitive Robotics and Intelligent Systems (ICC - ROBINS),Crossref; OpenAlex,1,1,1,0
both_openalex_crossref,2025 15th France-Japan &amp;amp; 13th Europe-Asia Congress on Mechatronics (MECATRONICS) / 23rd International Conference on Research and Education in Mechatronics (REM),Crossref; OpenAlex,1,1,1,0
both_openalex_crossref,2025 Conference on Lasers and Electro-Optics Europe &amp;amp; European Quantum Electronics Conference (CLEO/Europe-EQEC),Crossref; OpenAlex,1,1,1,0
both_openalex_crossref,2025 IEEE International Conference on Cyborg and Bionic Systems (CBS),Crossref; OpenAlex,1,1,1,0
both_openalex_crossref,2025 IEEE International Conference on Industrial Engineering and Engineering Management (IEEM),Crossref; OpenAlex,1,1,0,1
both_openalex_crossref,2025 MicroTAS Book of Abstracts,Crossref; OpenAlex,1,1,1,0
both_openalex_crossref,"2026 6th International Conference on Innovative Research in Applied Science, Engineering and Technology (IRASET)",Crossref; OpenAlex,1,1,0,1
both_openalex_crossref,39th Bled eConference: Co-Creating Human-Centred and Responsible Digital Futures; Conference Proceedings,Crossref; OpenAlex,1,1,0,1
both_openalex_crossref,3D Bioprinting from Lab to Industry,Crossref; OpenAlex,1,1,1,0
both_openalex_crossref,"3D Bioprinting: Advances, Challenges, and Fabricating the future",Crossref; OpenAlex,1,1,1,0
both_openalex_crossref,ACS Biomaterials Science &amp; Engineering,Crossref; OpenAlex,1,1,1,0
both_openalex_crossref,ACS Materials Letters,Crossref; OpenAlex,1,1,0,1
both_openalex_crossref,American Journal of Data Science and Analytics,Crossref; OpenAlex,1,1,0,1
both_openalex_crossref,ASRC Procedia: Global Perspectives in Science and Scholarship,Crossref; OpenAlex,1,1,0,1
both_openalex_crossref,British Journal of Multidisciplinary Studies,Crossref; OpenAlex,1,1,0,1
both_openalex_crossref,Chem &amp; Bio Engineering,Crossref; OpenAlex,1,1,0,1
both_openalex_crossref,ChemPlusChem,Crossref; OpenAlex,1,1,1,0
both_openalex_crossref,Computational design and robotic fabrication,Crossref; OpenAlex,1,1,1,0
both_openalex_crossref,Computational Optics 2026,Crossref; OpenAlex,1,1,0,1
both_openalex_crossref,"Computers, Materials &amp; Continua",Crossref; OpenAlex,1,1,0,1
both_openalex_crossref,Elsevier eBooks,Crossref; OpenAlex,1,1,1,0
both_openalex_crossref,Emerging Digital Micromirror Device Based Systems and Applications XVII,Crossref; OpenAlex,1,1,1,0
both_openalex_crossref,Engineering With Computers,Crossref; OpenAlex,1,1,1,0
both_openalex_crossref,Functional Composites and Structures,Crossref; OpenAlex,1,1,1,0
both_openalex_crossref,Herald of Khmelnytskyi National University. Technical sciences,Crossref; OpenAlex,1,1,0,1
both_openalex_crossref,IIP Series,Crossref; OpenAlex,1,1,0,1
both_openalex_crossref,International Academic Conference on Places and Technologies,Crossref; OpenAlex,1,1,0,1
both_openalex_crossref,"International Conference on Mechanical, Engineering, and Interaction Design (ICMEID 2025)",Crossref; OpenAlex,1,1,1,0
both_openalex_crossref,International Journal of Computer Science and Information Technology,Crossref; OpenAlex,1,1,1,0
both_openalex_crossref,International Journal of Smart and Nano Materials,Crossref; OpenAlex,1,1,1,0
both_openalex_crossref,International Journal of Technical Research Studies (IJTRS),Crossref; OpenAlex,1,1,0,1
both_openalex_crossref,International Research Journal of Modernization in Engineering Technology &amp; Science,Crossref; OpenAlex,1,1,0,1
both_openalex_crossref,Journal of Advanced Manufacturing and Processing,Crossref; OpenAlex,1,1,1,0
both_openalex_crossref,Journal of Advanced Simulation in Science and Engineering,Crossref; OpenAlex,1,1,1,0
both_openalex_crossref,Journal of Dynamics and Control,Crossref; OpenAlex,1,1,1,0
both_openalex_crossref,Journal of King Saud University - Engineering Sciences,Crossref; OpenAlex,1,1,1,0
both_openalex_crossref,Journal of Mechanical Civil and Industrial Engineering,Crossref; OpenAlex,1,1,0,1
both_openalex_crossref,Journal of Nanomaterials and Applications,Crossref; OpenAlex,1,1,0,1
both_openalex_crossref,Lasers and Photonics for Advanced Manufacturing II,Crossref; OpenAlex,1,1,1,0
both_openalex_crossref,Light: Advanced Manufacturing,Crossref; OpenAlex,1,1,1,0
both_openalex_crossref,Mechanics and Advanced Technologies,Crossref; OpenAlex,1,1,1,0
both_openalex_crossref,Multidiszciplináris Tudományok,Crossref; OpenAlex,1,1,1,0
both_openalex_crossref,Multifunctional Materials and Structures II,Crossref; OpenAlex,1,1,1,0
both_openalex_crossref,Nano Convergence,Crossref; OpenAlex,1,1,1,0
both_openalex_crossref,Nanotechnology Reviews,Crossref; OpenAlex,1,1,0,1
both_openalex_crossref,Navigating an Evolving Sustainable Built Environment,Crossref; OpenAlex,1,1,0,1
both_openalex_crossref,"Nondestructive Characterization and Monitoring of Advanced Materials, Aerospace, Civil Infrastructure, and Transportation XX",Crossref; OpenAlex,1,1,0,1
both_openalex_crossref,Northern Journal of Health Sciences,Crossref; OpenAlex,1,1,1,0
both_openalex_crossref,Pharmaceutics,Crossref; OpenAlex,1,1,1,0
both_openalex_crossref,Polymer International,Crossref; OpenAlex,1,1,1,0
both_openalex_crossref,Proceedings of International University Travnik,Crossref; OpenAlex,1,1,0,1
both_openalex_crossref,"Proceedings of the 24th Annual International Conference on Mobile Systems, Applications and Services",Crossref; OpenAlex,1,1,0,1
both_openalex_crossref,Review of Applied Science and Technology,Crossref; OpenAlex,1,1,1,0
both_openalex_crossref,Smart Materials and Engineering Applications,Crossref; OpenAlex,1,1,0,1
both_openalex_crossref,Textiles,Crossref; OpenAlex,1,1,1,0
both_openalex_crossref,The 15th EASN International Conference on &amp;ldquo;Innovation in Aviation &amp;amp; Space Towards Sustainability Today &amp;amp; Tomorrow&amp;rdquo;,Crossref; OpenAlex,1,1,0,1
both_openalex_crossref,The 19th Global Congress on Manufacturing and Management (GCMM 2025),Crossref; OpenAlex,1,1,0,1
both_openalex_crossref,Third International Conference on Intelligent Transportation and Smart Cities (ICITSC 2026),Crossref; OpenAlex,1,1,1,0
both_openalex_crossref,Uludağ University Journal of The Faculty of Engineering,Crossref; OpenAlex,1,1,1,0
both_openalex_crossref,Vth International Conference on Simulation for Additive Manufacturing,Crossref; OpenAlex,1,1,1,0
crossref_only,Multi-material Additive Manufacturing,Crossref,14,14,0,14
crossref_only,Manufacturing Letters,Crossref,13,13,2,11
crossref_only,Procedia CIRP,Crossref,13,13,4,9
crossref_only,4D Printing of Composites,Crossref,11,11,0,11
crossref_only,Materials &amp; Design,Crossref,11,11,1,10
crossref_only,Generation and Update of a Digital Twin in a Process Plant,Crossref,10,10,0,10
crossref_only,Vat Photopolymerization Additive Manufacturing,Crossref,10,10,9,1
crossref_only,4D Printing in Healthcare,Crossref,9,9,0,9
crossref_only,Computational Design and Robotic Fabrication,Crossref,9,9,9,0
crossref_only,International Journal of Computer Integrated Manufacturing,Crossref,9,9,2,7
crossref_only,Manufacturing Process Optimization for Sustainable Development Using Digital Twin Applications,Crossref,9,9,9,0
crossref_only,"Smart Materials in Additive Manufacturing, Volume 3",Crossref,7,7,1,6
crossref_only,SpringerBriefs in Energy,Crossref,7,7,0,7
crossref_only,Artificial Intelligence‐Enabled Digital Twin for Smart Manufacturing,Crossref,6,6,6,0
crossref_only,Digital Twin and Blockchain for Sensor Networks in Smart Cities,Crossref,6,6,0,6
crossref_only,Driving Innovation through AI and Digital Twin for 6G Powered Sustainable Ultra Smart Cities,Crossref,6,6,0,6
crossref_only,Lecture Notes in Mechanical Engineering,Crossref,6,6,0,6
crossref_only,Materials Research Proceedings,Crossref,6,6,1,5
crossref_only,AIP Conference Proceedings,Crossref,5,5,0,5
crossref_only,Blockchain and Digital Twin for Smart Hospitals,Crossref,5,5,0,5
crossref_only,Ceramics International,Crossref,5,5,3,2
crossref_only,CIRP Journal of Manufacturing Science and Technology,Crossref,5,5,0,5
crossref_only,Digital Twin and Blockchain for Smart Cities,Crossref,5,5,0,5
crossref_only,Human-Centric Smart Manufacturing Towards Industry 5.0,Crossref,5,5,1,4
crossref_only,Proceedings of the 2025 International Conference on Artificial Intelligence and Smart Manufacturing,Crossref,5,5,0,5
crossref_only,Composites Part B: Engineering,Crossref,4,4,0,4
crossref_only,Digital Twins in Industrial Production and Smart Manufacturing,Crossref,4,4,0,4
crossref_only,Journal of Materials Engineering and Performance,Crossref,4,4,0,4
crossref_only,Journal of Mechanical Engineering,Crossref,4,4,0,4
crossref_only,Optics Express,Crossref,4,4,4,0
crossref_only,Polymer,Crossref,4,4,1,3
crossref_only,Volume 2: Advanced Manufacturing,Crossref,4,4,2,2
crossref_only,2024 IEEE 20th International Conference on Automation Science and Engineering (CASE),Crossref,3,3,0,3
crossref_only,3D Printing Technologies,Crossref,3,3,0,3
crossref_only,4D Printing of Foods,Crossref,3,3,0,3
crossref_only,Advances in 3D and 4D Printing of Medical Robots and Devices,Crossref,3,3,0,3
crossref_only,Blockchain and Digital Twin Applications in Smart Agriculture,Crossref,3,3,0,3
crossref_only,Blockchain and Digital Twin for Smart Healthcare,Crossref,3,3,0,3
crossref_only,Comprehensive Materials Processing,Crossref,3,3,0,3
crossref_only,Materials Science and Engineering: A,Crossref,3,3,1,2
crossref_only,Materials Today: Proceedings,Crossref,3,3,0,3
crossref_only,Research,Crossref,3,3,0,3
crossref_only,Responsive Materials,Crossref,3,3,0,3
crossref_only,2024 Winter Simulation Conference (WSC),Crossref,2,2,0,2
crossref_only,2026 IEEE 9th International Conference on Soft Robotics (RoboSoft),Crossref,2,2,1,1
crossref_only,3D Printing and Digital Twins in Smart Agriculture,Crossref,2,2,1,1
crossref_only,ACS Applied Materials &amp; Interfaces,Crossref,2,2,1,1
crossref_only,Advanced Materials &amp; Sustainable Manufacturing,Crossref,2,2,0,2
crossref_only,Advances in Computational Intelligence and Robotics,Crossref,2,2,0,2
crossref_only,Advances in Engineering Software,Crossref,2,2,0,2
crossref_only,AIJR Proceedings,Crossref,2,2,1,1
crossref_only,Angewandte Chemie,Crossref,2,2,0,2
crossref_only,Angewandte Chemie International Edition,Crossref,2,2,0,2
crossref_only,Composite Structures,Crossref,2,2,1,1
crossref_only,Composites Part C: Open Access,Crossref,2,2,1,1
crossref_only,Computers,Crossref,2,2,1,1
crossref_only,Cyber Physical System 2.0,Crossref,2,2,0,2
crossref_only,Digital Twin Applications and Cognitive Enterprise Transformation Across Industries,Crossref,2,2,0,2
crossref_only,Digital Twinning for Discrete Manufacturing,Crossref,2,2,0,2
crossref_only,eCAADe proceedings,Crossref,2,2,1,1
crossref_only,Emerging Trends in Manufacturing Technologies,Crossref,2,2,0,2
crossref_only,Engineering Materials,Crossref,2,2,0,2
crossref_only,Expert Opinion on Drug Delivery,Crossref,2,2,0,2
crossref_only,Expert Systems with Applications,Crossref,2,2,0,2
crossref_only,Handbook of Liquid Metals,Crossref,2,2,0,2
crossref_only,IEEE Transactions on Automation Science and Engineering,Crossref,2,2,0,2
crossref_only,IET Conference Proceedings,Crossref,2,2,0,2
crossref_only,IFAC-PapersOnLine,Crossref,2,2,0,2
crossref_only,Industrial Engineering and Management,Crossref,2,2,0,2
crossref_only,"Industry 4.0, Smart Manufacturing, and Industrial Engineering",Crossref,2,2,2,0
crossref_only,Innovative Food Science &amp; Emerging Technologies,Crossref,2,2,1,1
crossref_only,Intelligent Manufacturing and Industry 4.0,Crossref,2,2,0,2
crossref_only,International Journal of 3D Printing Technologies and Digital Industry,Crossref,2,2,2,0
crossref_only,International Journal of Biological Macromolecules,Crossref,2,2,1,1
crossref_only,JMST Advances,Crossref,2,2,2,0
crossref_only,Journal of Advanced Joining Processes,Crossref,2,2,0,2
crossref_only,Journal of Alloys and Compounds,Crossref,2,2,0,2
crossref_only,Journal of Engineering Design,Crossref,2,2,0,2
crossref_only,Journal of Materials Processing Technology,Crossref,2,2,0,2
crossref_only,Journal of the American Ceramic Society,Crossref,2,2,0,2
crossref_only,Laser 3D Manufacturing XI,Crossref,2,2,1,1
crossref_only,Laser 3D Manufacturing XII,Crossref,2,2,1,1
crossref_only,Manufacturing Review,Crossref,2,2,0,2
crossref_only,Materials and Manufacturing Processes,Crossref,2,2,1,1
crossref_only,Materials Science and Engineering: R: Reports,Crossref,2,2,0,2
crossref_only,Nanotechnology Perceptions,Crossref,2,2,0,2
crossref_only,Procedia Computer Science,Crossref,2,2,1,1
crossref_only,Proceedings of the Extended Abstracts of the CHI Conference on Human Factors in Computing Systems,Crossref,2,2,1,1
crossref_only,Proceedings of the International Conference on Industrial Engineering and Operations Management,Crossref,2,2,0,2
crossref_only,Science and Technology of Welding and Joining,Crossref,2,2,0,2
crossref_only,Springer Tracts in Additive Manufacturing,Crossref,2,2,0,2
crossref_only,The International Conference on Computational &amp; Experimental Engineering and Sciences,Crossref,2,2,0,2
crossref_only,The Project Repository Journal,Crossref,2,2,0,2
crossref_only,Volume 3: Advances in Thermal Technologies; Advances in Semiconductor Manufacturing; Clean Energy Technologies &amp; Systems; Cyber Physical Systems + AI / ML,Crossref,2,2,0,2
crossref_only,"1st International Conference on Industrial, Manufacturing, and Process Engineering (ICIMP-2024)",Crossref,1,1,0,1
crossref_only,"2024 24th International Conference on Control, Automation and Systems (ICCAS)",Crossref,1,1,0,1
crossref_only,2024 25th International Conference on Electronic Packaging Technology (ICEPT),Crossref,1,1,0,1
crossref_only,2024 29th International Conference on Automation and Computing (ICAC),Crossref,1,1,0,1
crossref_only,2024 35th Annual SEMI Advanced Semiconductor Manufacturing Conference (ASMC),Crossref,1,1,0,1
crossref_only,2024 4th International Multidisciplinary Information Technology and Engineering Conference (IMITEC),Crossref,1,1,0,1
crossref_only,2024 4th International Symposium on Artificial Intelligence and Intelligent Manufacturing (AIIM),Crossref,1,1,0,1
crossref_only,"2024 7th International Conference on Algorithms, Computing and Artificial Intelligence (ACAI)",Crossref,1,1,0,1
crossref_only,"2024 8th International Conference on Electrical, Mechanical and Computer Engineering (ICEMCE)",Crossref,1,1,0,1
crossref_only,2024 Advances in Science and Engineering Technology International Conferences (ASET),Crossref,1,1,1,0
crossref_only,"2024 AM Cross JOWOG - Albuquerque, New Mexico, United States of America - February - 2024",Crossref,1,1,0,1
crossref_only,2024 IEEE 22nd International Conference on Industrial Informatics (INDIN),Crossref,1,1,0,1
crossref_only,"2024 IEEE 23rd International Conference on Micro and Miniature Power Systems, Self-Powered Sensors and Energy Autonomous Devices (PowerMEMS)",Crossref,1,1,0,1
crossref_only,2024 IEEE 7th International Conference on Soft Robotics (RoboSoft),Crossref,1,1,1,0
crossref_only,2024 IEEE International Conference on Advanced Intelligent Mechatronics (AIM),Crossref,1,1,1,0
crossref_only,2024 IEEE International Conference on Robotics and Automation (ICRA),Crossref,1,1,1,0
crossref_only,2024 IEEE/RSJ International Conference on Intelligent Robots and Systems (IROS),Crossref,1,1,0,1
crossref_only,2024 International Conference on AI x Data and Knowledge Engineering (AIxDKE),Crossref,1,1,0,1
crossref_only,2024 International Conference on Smart-Digital-Green Technologies and Artificial Intelligence Sciences (CSDGAIS),Crossref,1,1,0,1
crossref_only,2024 International Russian Smart Industry Conference (SmartIndustryCon),Crossref,1,1,0,1
crossref_only,2024 International Symposium on Flexible Automation,Crossref,1,1,0,1
crossref_only,2024 International Symposium on Semiconductor Manufacturing (ISSM),Crossref,1,1,0,1
crossref_only,2024 Sixth International Conference on Next Generation Data-driven Networks (NGDN),Crossref,1,1,1,0
crossref_only,"2024 Symposium on Design, Test, Integration and Packaging of MEMS/MOEMS (DTIP)",Crossref,1,1,0,1
crossref_only,2025 36th Annual SEMI Advanced Semiconductor Manufacturing Conference (ASMC),Crossref,1,1,0,1
crossref_only,"2025 6th International Conference on Communications, Information, Electronic and Energy Systems (CIEES)",Crossref,1,1,0,1
crossref_only,2025 6th International Conference on Mechanical Automation and Intelligent Manufacturing (MAIM),Crossref,1,1,0,1
crossref_only,2025 9th International Conference on Mechanical Engineering and Robotics Research (ICMERR),Crossref,1,1,0,1
crossref_only,2025 IEEE 21st International Conference on Automation Science and Engineering (CASE),Crossref,1,1,0,1
crossref_only,2025 IEEE Additively Manufactured Electronic Systems (AMES),Crossref,1,1,0,1
crossref_only,2025 IEEE Engineering Reliable Autonomous Systems (ERAS),Crossref,1,1,0,1
crossref_only,2025 IEEE International Conference on Big Data (BigData),Crossref,1,1,0,1
crossref_only,2025 IEEE North-East India International Energy Conversion Conference and Exhibition (NE-IECCE),Crossref,1,1,0,1
crossref_only,2025 IEEE SENSORS,Crossref,1,1,0,1
crossref_only,2025 IEEE/ASME International Conference on Advanced Intelligent Mechatronics (AIM),Crossref,1,1,1,0
crossref_only,2025 International Conference on Computer and Applications (ICCA),Crossref,1,1,1,0
crossref_only,2025 Moratuwa Engineering Research Conference (MERCon),Crossref,1,1,1,0
crossref_only,2025 RIVF International Conference on Computing and Communication Technologies (RIVF),Crossref,1,1,0,1
crossref_only,"2025 Third International Conference on Networks, Multimedia and Information Technology (NMITCON)",Crossref,1,1,0,1
crossref_only,2025 Winter Simulation Conference (WSC),Crossref,1,1,0,1
crossref_only,"2025 XXX International Conference on Information, Communication and Automation Technologies (ICAT)",Crossref,1,1,0,1
crossref_only,2026 7th International Conference on Mechatronics Technology and Intelligent Manufacturing (ICMTIM),Crossref,1,1,0,1
crossref_only,2026 IEEE International Conference for Convergence in Computing Technology (I3CTCON),Crossref,1,1,0,1
crossref_only,2026 IEEE International Conference on Industrial Technology (ICIT),Crossref,1,1,0,1
crossref_only,2026 International Conference on Emerging Smart Computing and Informatics (ESCI),Crossref,1,1,0,1
crossref_only,2026 International Conference on Intelligent Manufacturing and Automation (IMA),Crossref,1,1,1,0
crossref_only,3D and 4D Printing Polymer/Graphene Nanocomposites,Crossref,1,1,0,1
crossref_only,3D Printed Optics and Additive Photonic Manufacturing IV,Crossref,1,1,1,0
crossref_only,3D Printing,Crossref,1,1,0,1
crossref_only,3D Printing with Light,Crossref,1,1,0,1
crossref_only,3D/4D Printing of Bioadhesive Pharmaceutical Systems,Crossref,1,1,0,1
crossref_only,5D Printing,Crossref,1,1,0,1
crossref_only,9th European Congress on Computational Methods in Applied Sciences and Engineering,Crossref,1,1,1,0
crossref_only,A Hardware‐in‐Loop Digital Twin Approach for Intelligent Optimization of Municipal Solid Waste Incineration,Crossref,1,1,0,1
crossref_only,Academica Global: Journal of Computer Science and Technology Studies,Crossref,1,1,0,1
crossref_only,ACM Symposium on Computational Fabrication,Crossref,1,1,0,1
crossref_only,ACM Transactions on Cyber-Physical Systems,Crossref,1,1,0,1
crossref_only,ACM Transactions on Graphics,Crossref,1,1,1,0
crossref_only,ACM Transactions on Human-Robot Interaction,Crossref,1,1,0,1
crossref_only,ACS Applied Bio Materials,Crossref,1,1,0,1
crossref_only,ACS Applied Engineering Materials,Crossref,1,1,0,1
crossref_only,ACS Nano,Crossref,1,1,0,1
crossref_only,ACS Photonics,Crossref,1,1,1,0
crossref_only,Acta Astronautica,Crossref,1,1,0,1
crossref_only,Acta Simulatio,Crossref,1,1,0,1
crossref_only,Additive Manufacturing for Advance Applications,Crossref,1,1,1,0
crossref_only,Additive Manufacturing of Magnetic Materials,Crossref,1,1,1,0
crossref_only,Additive Manufacturing of Smart Multifunctional Materials and Structures,Crossref,1,1,1,0
crossref_only,Additive Manufacturing Solutions for Advanced Veterinary Practice,Crossref,1,1,0,1
crossref_only,Additively Manufactured Smart Materials and Structures,Crossref,1,1,1,0
crossref_only,Advanced Logistic Systems - Theory and Practice,Crossref,1,1,0,1
crossref_only,Advanced Powder Materials,Crossref,1,1,1,0
crossref_only,Advanced Structured Materials,Crossref,1,1,0,1
crossref_only,Advanced Technologies for Sustainable Biomedical Applications,Crossref,1,1,0,1
crossref_only,Advances in Chemical and Materials Engineering,Crossref,1,1,0,1
crossref_only,Advances in Colloid and Interface Science,Crossref,1,1,1,0
crossref_only,Advances in Industrial and Manufacturing Engineering,Crossref,1,1,0,1
crossref_only,Advances in Materials Technology for Power Plants,Crossref,1,1,0,1
crossref_only,AHFE International,Crossref,1,1,1,0
crossref_only,"AI, Computer Science and Robotics Technology",Crossref,1,1,1,0
crossref_only,AIAA SCITECH 2026 Forum,Crossref,1,1,1,0
crossref_only,An International Journal of Optimization and Control: Theories &amp; Applications (IJOCTA),Crossref,1,1,0,1
crossref_only,Applied Acoustics,Crossref,1,1,0,1
crossref_only,Applied Energy,Crossref,1,1,0,1
crossref_only,Architected Structures,Crossref,1,1,0,1
crossref_only,Archives of Materials Science and Engineering,Crossref,1,1,0,1
crossref_only,Archives of Metallurgy and Materials,Crossref,1,1,1,0
crossref_only,Artificial Intelligence based Solutions for Industrial Applications,Crossref,1,1,0,1
crossref_only,Artificial Intelligence‐Enabled Blockchain Technology and Digital Twin for Smart Hospitals,Crossref,1,1,0,1
crossref_only,"ASME 2025 Aerospace Structures, Structural Dynamics, and Materials Conference",Crossref,1,1,1,0
crossref_only,"ASME 2025 Conference on Smart Materials, Adaptive Structures and Intelligent Systems",Crossref,1,1,0,1
crossref_only,ASME Open Journal of Engineering,Crossref,1,1,1,0
crossref_only,"Atomic and Near-atomic Scale Additive Manufacturing Processes: Progress, Challenges, and Circular Economy",Crossref,1,1,0,1
crossref_only,ATZ worldwide,Crossref,1,1,0,1
crossref_only,Australasian Orthodontic Journal,Crossref,1,1,0,1
crossref_only,Automation Modern Techologies,Crossref,1,1,1,0
crossref_only,Autonomous Intelligent Systems,Crossref,1,1,0,1
crossref_only,Biomedical Materials for Multi-functional Applications,Crossref,1,1,0,1
crossref_only,Blockchain and Digital Twins for Smart Hospital Infrastructures,Crossref,1,1,0,1
crossref_only,Blucher Design Proceedings,Crossref,1,1,0,1
crossref_only,Bulletin of the Polytechnic Institute of Iași. Machine constructions Section,Crossref,1,1,0,1
crossref_only,CAD'25,Crossref,1,1,1,0
crossref_only,Canadian Metallurgical Quarterly,Crossref,1,1,0,1
crossref_only,Cement and Concrete Composites,Crossref,1,1,0,1
crossref_only,Chem,Crossref,1,1,0,1
crossref_only,Chemical Communications,Crossref,1,1,1,0
crossref_only,Chemical Science,Crossref,1,1,1,0
crossref_only,Chinese Science Bulletin,Crossref,1,1,1,0
crossref_only,Cognizance Journal of Multidisciplinary Studies,Crossref,1,1,0,1
crossref_only,Communications in Computer and Information Science,Crossref,1,1,0,1
crossref_only,Composites Science and Technology,Crossref,1,1,0,1
crossref_only,Computational Materials Science,Crossref,1,1,1,0
crossref_only,Computational Techniques for Smart Manufacturing in Industry 5.0,Crossref,1,1,0,1
crossref_only,Computer-Aided Design and Applications,Crossref,1,1,0,1
crossref_only,Computers &amp; Industrial Engineering,Crossref,1,1,0,1
crossref_only,Computers &amp; Security,Crossref,1,1,0,1
crossref_only,Computers &amp; Structures,Crossref,1,1,0,1
crossref_only,Computers in Industry,Crossref,1,1,1,0
crossref_only,Construction Research Congress 2024,Crossref,1,1,1,0
crossref_only,Construction Robotics,Crossref,1,1,0,1
crossref_only,Creating Smart and Safe Manufacturing Environments,Crossref,1,1,0,1
crossref_only,Crystal Growth &amp; Design,Crossref,1,1,0,1
crossref_only,Cyborg and Bionic Systems,Crossref,1,1,1,0
crossref_only,Data Analytics and Artificial Intelligence for Predictive Maintenance in Smart Manufacturing,Crossref,1,1,0,1
crossref_only,Desalination,Crossref,1,1,0,1
crossref_only,Digital Manufacturing in Industry 5.0,Crossref,1,1,0,1
crossref_only,Digital Product Design and Manufacturing,Crossref,1,1,0,1
crossref_only,Digital Science,Crossref,1,1,0,1
crossref_only,Digital Twin Adoption and BIM-GIS Implementation,Crossref,1,1,0,1
crossref_only,Digital Twin Technology and Applications,Crossref,1,1,0,1
crossref_only,Digital Twin Technology in Manufacturing: Tools for Real-Time Process Optimization,Crossref,1,1,1,0
crossref_only,"Digital Twin, Blockchain, and Sensor Networks in the Healthy and Mobile City",Crossref,1,1,1,0
crossref_only,Digital Twin-Driven Lifelong Learning Systems,Crossref,1,1,0,1
crossref_only,Digital Twins,Crossref,1,1,0,1
crossref_only,Digital Twins and Applications,Crossref,1,1,0,1
crossref_only,"Digital Twins, AI, and NDE for Industry Applications and Energy Systems 2025",Crossref,1,1,0,1
crossref_only,DTCO and Computational Patterning V,Crossref,1,1,0,1
crossref_only,DYNA,Crossref,1,1,1,0
crossref_only,Emerging Digital Micromirror Device-based Systems and Applications XVIII,Crossref,1,1,0,1
crossref_only,Energy Conversion and Management,Crossref,1,1,0,1
crossref_only,Engineering Computations,Crossref,1,1,0,1
crossref_only,Engineering Cyber-Physical Systems and Critical Infrastructures,Crossref,1,1,0,1
crossref_only,Engineering Drawing and Product Manufacturing Information with 3D Models,Crossref,1,1,0,1
crossref_only,Engineering Optimization,Crossref,1,1,0,1
crossref_only,Entropy,Crossref,1,1,0,1
crossref_only,EPJ Web of Conferences,Crossref,1,1,1,0
crossref_only,Equilibrium. Quarterly Journal of Economics and Economic Policy,Crossref,1,1,0,1
crossref_only,Euro PM2025 Proceedings,Crossref,1,1,0,1
crossref_only,Evolutions in Mechanical Engineering,Crossref,1,1,0,1
crossref_only,Exploring the Metaverse,Crossref,1,1,1,0
crossref_only,Flexible and Printed Electronics,Crossref,1,1,1,0
crossref_only,Food Bioscience,Crossref,1,1,0,1
crossref_only,Food Hydrocolloids,Crossref,1,1,0,1
crossref_only,Foundations of Digital Twins,Crossref,1,1,0,1
crossref_only,Fourth International Conference on Electronic Information Engineering and Data Processing (EIEDP 2025),Crossref,1,1,0,1
crossref_only,Frontiers in Interdisciplinary Applied Science,Crossref,1,1,1,0
crossref_only,Frontiers in Nuclear Engineering,Crossref,1,1,0,1
crossref_only,Future Fat Alternatives,Crossref,1,1,0,1
crossref_only,Future Foods,Crossref,1,1,0,1
crossref_only,Giant,Crossref,1,1,0,1
crossref_only,Global vision research,Crossref,1,1,0,1
crossref_only,Green Chemistry,Crossref,1,1,1,0
crossref_only,Green Manufacturing Open,Crossref,1,1,1,0
crossref_only,Handbook of Digital Twins,Crossref,1,1,0,1
crossref_only,Hardware,Crossref,1,1,1,0
crossref_only,Hittite Journal of Science and Engineering,Crossref,1,1,0,1
crossref_only,IAF Microgravity Sciences and Processes Symposium,Crossref,1,1,1,0
crossref_only,IAF Space Power Symposium,Crossref,1,1,0,1
crossref_only,IEEE ICCBE 2025,Crossref,1,1,0,1
crossref_only,IEEE Latin America Transactions,Crossref,1,1,0,1
crossref_only,IEEE Transactions on Industrial Informatics,Crossref,1,1,0,1
crossref_only,IISE Transactions,Crossref,1,1,0,1
crossref_only,IJAMM,Crossref,1,1,1,0
crossref_only,Incertitudes et fiabilité des systèmes multiphysiques,Crossref,1,1,0,1
crossref_only,Industrial Robotics in Smart Manufacturing,Crossref,1,1,0,1
crossref_only,Industry 4.0 for Manufacturing Systems,Crossref,1,1,0,1
crossref_only,Innovations in Advanced Materials and Manufacturing,Crossref,1,1,0,1
crossref_only,Innovative Produktentwicklung durch additive Fertigung,Crossref,1,1,0,1
crossref_only,"Intelligent Industry Ecosystems and Manufacturing Renaissance: Designing Autonomous Production, Supply Orchestration, and Connected Retail Infrastructure",Crossref,1,1,0,1
crossref_only,Intelligent Machinery Fault Diagnostics and Prognostics,Crossref,1,1,0,1
crossref_only,Intelligent Security Solutions for Cyber-Physical Systems,Crossref,1,1,0,1
crossref_only,International Academic Journal of Science and Engineering,Crossref,1,1,0,1
crossref_only,International Conference on Computer Application and Information Security (ICCAIS 2025),Crossref,1,1,0,1
crossref_only,International Journal of Adhesion and Adhesives,Crossref,1,1,0,1
crossref_only,International Journal of Applied Ceramic Technology,Crossref,1,1,0,1
crossref_only,International Journal of Artificial Intelligence Engineering and Transformation,Crossref,1,1,0,1
crossref_only,International Journal of Clothing Science and Technology,Crossref,1,1,0,1
crossref_only,"International Journal of Control, Automation and Systems",Crossref,1,1,0,1
crossref_only,International Journal of Emerging Research in Engineering and Technology,Crossref,1,1,0,1
crossref_only,International Journal of Engineering Trends and Technology,Crossref,1,1,0,1
crossref_only,International Journal of Fatigue,Crossref,1,1,0,1
crossref_only,International Journal of Frontiers in Engineering Technology,Crossref,1,1,0,1
crossref_only,International Journal of Industrial Engineering and Management,Crossref,1,1,0,1
crossref_only,International Journal of Innovation and Industrial Revolution,Crossref,1,1,1,0
crossref_only,International Journal of Lightweight Materials and Manufacture,Crossref,1,1,0,1
crossref_only,International Journal of Modeling and Optimization,Crossref,1,1,0,1
crossref_only,International Journal of Multidisciplinary: Applied Business and Education Research,Crossref,1,1,0,1
crossref_only,International Journal of Pressure Vessels and Piping,Crossref,1,1,0,1
crossref_only,International Journal of Recent Technology and Engineering (IJRTE),Crossref,1,1,0,1
crossref_only,INTERNATIONAL JOURNAL OF SCIENTIFIC RESEARCH IN ENGINEERING AND MANAGEMENT,Crossref,1,1,0,1
crossref_only,International Journal of Sustainability and Innovation in Engineering,Crossref,1,1,0,1
crossref_only,International Materials Reviews,Crossref,1,1,0,1
crossref_only,IOCPS 2025,Crossref,1,1,1,0
crossref_only,Iqtisodiy taraqqiyot va tahlil,Crossref,1,1,0,1
crossref_only,JADI (Jurnal Teknik Industri),Crossref,1,1,0,1
crossref_only,Journal of Applied Mathematics and Physics,Crossref,1,1,0,1
crossref_only,Journal of Artificial Intelligence &amp; Cloud Computing,Crossref,1,1,0,1
crossref_only,Journal of Computer Science and Artificial Intelligence,Crossref,1,1,0,1
crossref_only,"Journal of Cybersecurity Education, Research and Practice",Crossref,1,1,1,0
crossref_only,Journal of Future Digital Optimization,Crossref,1,1,0,1
crossref_only,Journal of Hip Preservation Surgery,Crossref,1,1,0,1
crossref_only,Journal of Industrial Information Integration,Crossref,1,1,0,1
crossref_only,Journal of Materials and Mechatronics: A,Crossref,1,1,1,0
crossref_only,Journal of Materials Chemistry A,Crossref,1,1,0,1
crossref_only,Journal of Materials Science &amp; Technology,Crossref,1,1,1,0
crossref_only,Journal of Mechanisms and Robotics,Crossref,1,1,0,1
crossref_only,Journal of Molecular Liquids,Crossref,1,1,0,1
crossref_only,Journal of Physics: Conference Series,Crossref,1,1,0,1
crossref_only,Journal of Physics: Materials,Crossref,1,1,0,1
crossref_only,Journal of Polymer Materials,Crossref,1,1,1,0
crossref_only,Journal of Power Sources,Crossref,1,1,1,0
crossref_only,Journal of Sustainable Development and Policy,Crossref,1,1,0,1
crossref_only,Journal of Technology and Systems,Crossref,1,1,1,0
crossref_only,"Journal of Textiles, Coloration and Polymer Science",Crossref,1,1,0,1
crossref_only,Journal of the European Ceramic Society,Crossref,1,1,1,0
crossref_only,Key Engineering Materials,Crossref,1,1,0,1
crossref_only,Laser &amp; Photonics Reviews,Crossref,1,1,1,0
crossref_only,Laser Applications in Microelectronic and Optoelectronic Manufacturing (LAMOM) XXIX,Crossref,1,1,0,1
crossref_only,Lecture Notes in Electrical Engineering,Crossref,1,1,0,1
crossref_only,Lecture Notes in Networks and Systems,Crossref,1,1,1,0
crossref_only,Lighting Engineering &amp; Power Engineering,Crossref,1,1,0,1
crossref_only,Liquid Crystals,Crossref,1,1,0,1
crossref_only,Lubrication Science,Crossref,1,1,0,1
crossref_only,Makine Mühendisliğinde Yenilikçi İmalat Teknolojileri ve Malzeme Bilimi,Crossref,1,1,0,1
crossref_only,Materials Characterization,Crossref,1,1,0,1
crossref_only,Materials Letters,Crossref,1,1,0,1
crossref_only,Materials Research Express,Crossref,1,1,0,1
crossref_only,Materials Science and Engineering: B,Crossref,1,1,0,1
crossref_only,"Materials, Techniques, and Ecological Impact of Sustainable Prototyping",Crossref,1,1,0,1
crossref_only,Mechanisms and Machine Science,Crossref,1,1,0,1
crossref_only,Medical Informatics IV,Crossref,1,1,1,0
crossref_only,Medical Modeling,Crossref,1,1,1,0
crossref_only,Metallurgical and Materials Transactions B,Crossref,1,1,0,1
crossref_only,Metals Advances,Crossref,1,1,0,1
crossref_only,Microsystems &amp; Nanoengineering,Crossref,1,1,1,0
crossref_only,"Modeling, Analysis, and Control of 3D Printing Processes",Crossref,1,1,0,1
crossref_only,Modelling,Crossref,1,1,0,1
crossref_only,Motion and Path Planning for Additive Manufacturing,Crossref,1,1,0,1
crossref_only,Műszaki Katonai Közlöny,Crossref,1,1,0,1
crossref_only,Nano Energy,Crossref,1,1,0,1
crossref_only,Nature Computational Science,Crossref,1,1,0,1
crossref_only,Nature Reviews Materials,Crossref,1,1,1,0
crossref_only,NaUKMA Research Papers. Computer Science,Crossref,1,1,1,0
crossref_only,Next-Generation Electronic Textiles and Conductive Materials for Smart Wearables,Crossref,1,1,0,1
crossref_only,Optica Digital Holography and Three-Dimensional Imaging 2024 (DH),Crossref,1,1,1,0
crossref_only,Optics &amp; Laser Technology,Crossref,1,1,0,1
crossref_only,Optimization and Engineering,Crossref,1,1,0,1
crossref_only,Photonics Research,Crossref,1,1,1,0
crossref_only,Pigment &amp; Resin Technology,Crossref,1,1,1,0
crossref_only,Polimery,Crossref,1,1,0,1
crossref_only,Pollack Periodica,Crossref,1,1,1,0
crossref_only,Polymer Reviews,Crossref,1,1,0,1
crossref_only,Polymer Testing,Crossref,1,1,0,1
crossref_only,Procceedings of the 13th Brazilian Congress on Manufacturing Engineering,Crossref,1,1,1,0
crossref_only,Proceedings &amp; Highlights -Emerging Tech Conference Edge Intelligence 2022,Crossref,1,1,0,1
crossref_only,Proceedings of NordDesign 2024,Crossref,1,1,0,1
crossref_only,Proceedings of the 12th International Conference on Fracture Mechanics for Concrete and Concrete Structures,Crossref,1,1,0,1
crossref_only,"Proceedings of the 15th International Conference on Simulation and Modeling Methodologies, Technologies and Applications",Crossref,1,1,1,0
crossref_only,Proceedings of the 16th International Conference on Business and Information (ICBI) - 2025,Crossref,1,1,0,1
crossref_only,Proceedings of the 2026 CHI Conference on Human Factors in Computing Systems,Crossref,1,1,0,1
crossref_only,"Proceedings of the 22nd International Conference on Informatics in Control, Automation and Robotics",Crossref,1,1,1,0
crossref_only,Proceedings of the 27th International Congress of Mechanical Engineering,Crossref,1,1,0,1
crossref_only,Proceedings of the 28th International Congress of Mechanical Engineering,Crossref,1,1,1,0
crossref_only,Proceedings of the 30th International Conference on 3D Web Technology,Crossref,1,1,0,1
crossref_only,Proceedings of the 3rd International Conference on Futuristic Technology,Crossref,1,1,0,1
crossref_only,Proceedings of the 7th URSI Asia-Pacific RadioScience Conference – AP-RASC 2025,Crossref,1,1,0,1
crossref_only,"Proceedings of the Institution of Mechanical Engineers, Part L: Journal of Materials: Design and Applications",Crossref,1,1,0,1
crossref_only,Proceedings of the Special Interest Group on Computer Graphics and Interactive Techniques Conference Conference Papers,Crossref,1,1,0,1
crossref_only,Process Integration and Optimization for Sustainability,Crossref,1,1,0,1
crossref_only,Process Safety and Environmental Protection,Crossref,1,1,0,1
crossref_only,Production &amp; Manufacturing Research,Crossref,1,1,0,1
crossref_only,Research in Nondestructive Evaluation,Crossref,1,1,0,1
crossref_only,Results in Materials,Crossref,1,1,1,0
crossref_only,ROBOMECH Journal,Crossref,1,1,1,0
crossref_only,Robotics Reports,Crossref,1,1,1,0
crossref_only,Safe Data-Driven Control for Cyber-Physical Systems,Crossref,1,1,0,1
crossref_only,SAMPE 2024,Crossref,1,1,0,1
crossref_only,Scientific Journal of Technology,Crossref,1,1,1,0
crossref_only,Scripta Materialia,Crossref,1,1,0,1
crossref_only,Smart and Sustainable Manufacturing Systems,Crossref,1,1,0,1
crossref_only,Smart Cities,Crossref,1,1,0,1
crossref_only,Smart Materials &amp; Methods,Crossref,1,1,1,0
crossref_only,Smart Materials and Applications,Crossref,1,1,0,1
crossref_only,Smart Materials in Medicine,Crossref,1,1,0,1
crossref_only,Smart Technologies and Digital Transformation in Additive Manufacturing,Crossref,1,1,0,1
crossref_only,SN Computer Science,Crossref,1,1,0,1
crossref_only,Soft Matter,Crossref,1,1,1,0
crossref_only,Soft Robotics for Medical and Healthcare Applications,Crossref,1,1,0,1
crossref_only,Soft Science,Crossref,1,1,1,0
crossref_only,SoutheastCon 2024,Crossref,1,1,1,0
crossref_only,SoutheastCon 2026,Crossref,1,1,0,1
crossref_only,Springer Series in Advanced Manufacturing,Crossref,1,1,0,1
crossref_only,Stimuli-Responsive Biomaterials for Inflammatory Diseases,Crossref,1,1,0,1
crossref_only,Strength of Materials,Crossref,1,1,0,1
crossref_only,Strengthening Technologies and Coatings,Crossref,1,1,0,1
crossref_only,Structures,Crossref,1,1,0,1
crossref_only,Sustainable Materials and Technologies,Crossref,1,1,0,1
crossref_only,"Synthesis Lectures on Engineering, Science, and Technology",Crossref,1,1,0,1
crossref_only,Technique and technology of silicates,Crossref,1,1,1,0
crossref_only,Tehnički glasnik,Crossref,1,1,0,1
crossref_only,The American Journal of Engineering and Technology,Crossref,1,1,0,1
crossref_only,"The Confluence of Cryptography, Blockchain and Artificial Intelligence",Crossref,1,1,0,1
crossref_only,The Digital Twin Handbook,Crossref,1,1,0,1
crossref_only,The Eastasouth Journal of Information System and Computer Science,Crossref,1,1,0,1
crossref_only,The Essential Guide to Public Procurement,Crossref,1,1,1,0
crossref_only,Theoretical and Applied Fracture Mechanics,Crossref,1,1,0,1
crossref_only,Theory and Practice of Additive Manufacturing,Crossref,1,1,0,1
crossref_only,Thin-Walled Structures,Crossref,1,1,0,1
crossref_only,Tissue Repair and Reconstruction,Crossref,1,1,0,1
crossref_only,Transforming Industry using Digital Twin Technology,Crossref,1,1,0,1
crossref_only,Translational Oncology,Crossref,1,1,1,0
crossref_only,"Volume 11: Safety Engineering, Risk and Reliability Analysis; Research Posters",Crossref,1,1,0,1
crossref_only,Volume 1: 27th International Conference on Advanced Vehicle Technologies (AVT),Crossref,1,1,0,1
crossref_only,Volume 1: Codes &amp; Standards; Computer Technology &amp; Bolted Joints,Crossref,1,1,1,0
crossref_only,"Volume 1: Smart Additive Manufacturing; Multi-Material Processing in AM; Advances in Metal AM Processes; In Situ Monitoring, Non-Destructive Evaluation, and Qualification for AM; Advances in Manufacturing and Processing of Polymers and Composites; Laser-Based Advanced Manufacturing and Material Processing; Smart, Innovative, and Low-Cost Tooling Systems for Advanced Materials Manufacturing; Bio-Manufacturing of Engineered Living Materials",Crossref,1,1,0,1
crossref_only,Volume 2: Manufacturing Equipment and Automation; Manufacturing Processes; Manufacturing Systems; Nano/Micro/Meso Manufacturing; Quality &amp; Reliability,Crossref,1,1,0,1
crossref_only,Volume 3B: 50th Design Automation Conference (DAC),Crossref,1,1,0,1
crossref_only,Volume 4: Gas Turbines; Pressure Technologies; Robotics &amp; Automation,Crossref,1,1,1,0
crossref_only,"Volume 5: Dynamics, Vibration, and Control",Crossref,1,1,1,0
crossref_only,Volume 7: Engineering Education; Fluids Engineering,Crossref,1,1,0,1
crossref_only,"Volume 8: Structures and Dynamics — Bearing &amp; Seal Dynamics; Emerging Methods in Engineering Design, Analysis and Additive Manufacturing; Fatigue, Fracture &amp; Life Prediction; Probabilistic Methods; Rotordynamics",Crossref,1,1,0,1
crossref_only,Warehousing and Material Handling Systems for the Digital Industry,Crossref,1,1,0,1
crossref_only,Welding in the World,Crossref,1,1,0,1
openalex_only,Zenodo (CERN European Organization for Nuclear Research),OpenAlex,76,76,9,67
openalex_only,ArXiv.org,OpenAlex,48,48,12,36
openalex_only,arXiv (Cornell University),OpenAlex,46,46,20,26
openalex_only,Figshare,OpenAlex,23,23,2,21
openalex_only,Open MIND,OpenAlex,12,12,9,3
openalex_only,Springer Link (Chiba Institute of Technology),OpenAlex,9,9,4,5
openalex_only,Biomimetics,OpenAlex,8,8,4,4
openalex_only,Sensors,OpenAlex,7,7,3,4
openalex_only,ACS Applied Materials & Interfaces,OpenAlex,6,6,4,2
openalex_only,ACS Applied Polymer Materials,OpenAlex,5,5,5,0
openalex_only,Science,OpenAlex,5,5,4,1
openalex_only,ACS Polymers Au,OpenAlex,4,4,4,0
openalex_only,Materials & Design,OpenAlex,4,4,3,1
openalex_only,Nano-Micro Letters,OpenAlex,4,4,4,0
openalex_only,Sustainability,OpenAlex,4,4,0,4
openalex_only,VTechWorks (Virginia Tech),OpenAlex,4,4,1,3
openalex_only,Bioengineering,OpenAlex,3,3,2,1
openalex_only,bioRxiv (Cold Spring Harbor Laboratory),OpenAlex,3,3,3,0
openalex_only,Communications Materials,OpenAlex,3,3,1,2
openalex_only,Espace ÉTS (ETS),OpenAlex,3,3,3,0
openalex_only,Exploring Science Academic Conference Series,OpenAlex,3,3,1,2
openalex_only,International Journal for Research in Applied Science and Engineering Technology,OpenAlex,3,3,3,0
openalex_only,International Journal of Drug Delivery Technology,OpenAlex,3,3,1,2
openalex_only,Journal of Applied Polymer Science,OpenAlex,3,3,2,1
openalex_only,Macromolecules,OpenAlex,3,3,3,0
openalex_only,Microsystems & Nanoengineering,OpenAlex,3,3,3,0
openalex_only,Molecules,OpenAlex,3,3,3,0
openalex_only,Nature,OpenAlex,3,3,3,0
openalex_only,Proceedings of the National Academy of Sciences,OpenAlex,3,3,3,0
openalex_only,Repository KITopen (Karlsruhe Institute of Technology),OpenAlex,3,3,1,2
openalex_only,Sustainable materials and technologies,OpenAlex,3,3,3,0
openalex_only,Texas Digital Library (University of Texas),OpenAlex,3,3,2,1
openalex_only,TU/e Research Portal,OpenAlex,3,3,1,2
openalex_only,ACS Sustainable Chemistry & Engineering,OpenAlex,2,2,2,0
openalex_only,Acta Biomaterialia,OpenAlex,2,2,1,1
openalex_only,Advanced Composites and Hybrid Materials,OpenAlex,2,2,1,1
openalex_only,Advanced Engineering Informatics,OpenAlex,2,2,1,1
openalex_only,Advanced Healthcare Materials,OpenAlex,2,2,1,1
openalex_only,Advances in geospatial technologies book series,OpenAlex,2,2,0,2
openalex_only,Architectural Intelligence,OpenAlex,2,2,1,1
openalex_only,Automation,OpenAlex,2,2,1,1
openalex_only,Clean Technologies,OpenAlex,2,2,1,1
openalex_only,Composites Part C Open Access,OpenAlex,2,2,1,1
openalex_only,DergiPark (Istanbul University),OpenAlex,2,2,2,0
openalex_only,Digital Access to Scholarship at Harvard (DASH) (Harvard University),OpenAlex,2,2,1,1
openalex_only,DOAJ (DOAJ: Directory of Open Access Journals),OpenAlex,2,2,1,1
openalex_only,EAI Endorsed Transactions on Digital Transformation of Industrial Processes,OpenAlex,2,2,0,2
openalex_only,Engineering Research,OpenAlex,2,2,1,1
openalex_only,Heritage,OpenAlex,2,2,0,2
openalex_only,Iconic Research and Engineering Journals,OpenAlex,2,2,0,2
openalex_only,International Journal of Advanced Research in Science Communication and Technology,OpenAlex,2,2,1,1
openalex_only,International Journal of Mechanical Engineering,OpenAlex,2,2,0,2
openalex_only,International Journal of Precision Engineering and Manufacturing,OpenAlex,2,2,2,0
openalex_only,International Journal of Scientific Research in Computer Science Engineering and Information Technology,OpenAlex,2,2,1,1
openalex_only,International Journal of Simulation Modelling,OpenAlex,2,2,0,2
openalex_only,Internet of Things,OpenAlex,2,2,0,2
openalex_only,Inventions,OpenAlex,2,2,2,0
openalex_only,ITEGAM- Journal of Engineering and Technology for Industrial Applications (ITEGAM-JETIA),OpenAlex,2,2,2,0
openalex_only,Journal of Emerging Technologies With Industrial Applications,OpenAlex,2,2,1,1
openalex_only,Journal of Marine Science and Engineering,OpenAlex,2,2,0,2
openalex_only,Journal of Physics Conference Series,OpenAlex,2,2,1,1
openalex_only,Journal of Physics D Applied Physics,OpenAlex,2,2,0,2
openalex_only,Lab on a Chip,OpenAlex,2,2,2,0
openalex_only,Light Advanced Manufacturing,OpenAlex,2,2,2,0
openalex_only,Linköping studies in science and technology. Dissertations,OpenAlex,2,2,1,1
openalex_only,Lubricants,OpenAlex,2,2,1,1
openalex_only,LUTPub (LUT University),OpenAlex,2,2,1,1
openalex_only,Microchimica Acta,OpenAlex,2,2,2,0
openalex_only,Nanomaterials,OpenAlex,2,2,2,0
openalex_only,npj Biomedical Innovations.,OpenAlex,2,2,1,1
openalex_only,npj Metamaterials,OpenAlex,2,2,1,1
openalex_only,Physics in Medicine and Biology,OpenAlex,2,2,1,1
openalex_only,PLoS ONE,OpenAlex,2,2,0,2
openalex_only,Production Engineering,OpenAlex,2,2,0,2
openalex_only,Reactive and Functional Polymers,OpenAlex,2,2,2,0
openalex_only,RSC Applied Polymers,OpenAlex,2,2,2,0
openalex_only,Smart Molecules,OpenAlex,2,2,1,1
openalex_only,TECHNICAL SCIENCES AND TECHNOLOGIES,OpenAlex,2,2,1,1
openalex_only,Theoretical and Natural Science,OpenAlex,2,2,1,1
openalex_only,TSpace,OpenAlex,2,2,1,1
openalex_only,Veredas do Direito Direito Ambiental e Desenvolvimento Sustentável,OpenAlex,2,2,0,2
openalex_only,3D Printing in Medicine,OpenAlex,1,1,1,0
openalex_only,593 Digital Publisher CEIT,OpenAlex,1,1,0,1
openalex_only,ACS electrochemistry.,OpenAlex,1,1,0,1
openalex_only,ACS Energy Letters,OpenAlex,1,1,1,0
openalex_only,Acta Materialia,OpenAlex,1,1,1,0
openalex_only,Acta Mechanica et Automatica,OpenAlex,1,1,1,0
openalex_only,Acta Mechanica Slovaca,OpenAlex,1,1,1,0
openalex_only,Actual problems of improving of current legislation of Ukraine,OpenAlex,1,1,1,0
openalex_only,Advanced and Sustainable Technologies (ASET),OpenAlex,1,1,0,1
openalex_only,Advanced Engineering Letters,OpenAlex,1,1,1,0
openalex_only,Advanced Manufacturing Research,OpenAlex,1,1,1,0
openalex_only,Advanced Materials Interfaces,OpenAlex,1,1,1,0
openalex_only,Advanced Materials Joining,OpenAlex,1,1,1,0
openalex_only,Advanced Optical Materials,OpenAlex,1,1,1,0
openalex_only,Advanced Physics Research,OpenAlex,1,1,1,0
openalex_only,Advanced Sensor Research,OpenAlex,1,1,1,0
openalex_only,Advances in Engineering Innovation,OpenAlex,1,1,0,1
openalex_only,AI,OpenAlex,1,1,0,1
openalex_only,Al-Khwarizmi Engineering Journal,OpenAlex,1,1,1,0
openalex_only,Algorithms,OpenAlex,1,1,0,1
openalex_only,American University of Bahrain,OpenAlex,1,1,0,1
openalex_only,AMS Degree Thesis (University of Bologna),OpenAlex,1,1,1,0
openalex_only,Annual Review of Materials Research,OpenAlex,1,1,0,1
openalex_only,Applied Cybersecurity & Internet Governance,OpenAlex,1,1,0,1
openalex_only,Applied Physics A,OpenAlex,1,1,1,0
openalex_only,Applied Physics Letters,OpenAlex,1,1,0,1
openalex_only,Applied System Innovation,OpenAlex,1,1,1,0
openalex_only,Architecture Structures and Construction,OpenAlex,1,1,1,0
openalex_only,Archives of Civil and Mechanical Engineering,OpenAlex,1,1,1,0
openalex_only,Archives of Computational Methods in Engineering,OpenAlex,1,1,0,1
openalex_only,Array,OpenAlex,1,1,0,1
openalex_only,"Asian Health, Science and Technology Reports",OpenAlex,1,1,0,1
openalex_only,Asian Journal of Pharmaceutical Sciences,OpenAlex,1,1,1,0
openalex_only,Australian Journal of Multi-Disciplinary Engineering,OpenAlex,1,1,1,0
openalex_only,Bilge International Journal of Science and Technology Research,OpenAlex,1,1,0,1
openalex_only,Bio-Design and Manufacturing,OpenAlex,1,1,0,1
openalex_only,Biomacromolecules,OpenAlex,1,1,1,0
openalex_only,Biomaterials Science,OpenAlex,1,1,1,0
openalex_only,Biomedical Journal of Scientific & Technical Research,OpenAlex,1,1,1,0
openalex_only,Biomedicines,OpenAlex,1,1,1,0
openalex_only,Biosensors,OpenAlex,1,1,1,0
openalex_only,Biotechnology Advances,OpenAlex,1,1,1,0
openalex_only,Brodogradnja,OpenAlex,1,1,1,0
openalex_only,Bulletin of Shakarim University Technical Sciences,OpenAlex,1,1,0,1
openalex_only,Bulletin of the National Engineering Academy of the Republic of Kazakhstan,OpenAlex,1,1,0,1
openalex_only,Bulletin of the National Technical University KhPI Series Mathematical modeling in engineering and technologies,OpenAlex,1,1,1,0
openalex_only,Bulletin of the National Technical University «KhPI» Series Engineering and CAD,OpenAlex,1,1,1,0
openalex_only,Bussecon Review of Social Sciences (2687-2285),OpenAlex,1,1,0,1
openalex_only,ce/papers,OpenAlex,1,1,1,0
openalex_only,Cellular and Molecular Bioengineering,OpenAlex,1,1,0,1
openalex_only,Center of Artificial Intelligence,OpenAlex,1,1,0,1
openalex_only,Ceramics,OpenAlex,1,1,1,0
openalex_only,Challenging glass conference proceedings,OpenAlex,1,1,0,1
openalex_only,Chemical and Process Engineering New Frontiers,OpenAlex,1,1,1,0
openalex_only,Chemistry of Materials,OpenAlex,1,1,0,1
openalex_only,ChemPhotoChem,OpenAlex,1,1,1,0
openalex_only,CINECA IRIS Institutial Research Information System (University of Genoa),OpenAlex,1,1,1,0
openalex_only,Circular Economy and Sustainability,OpenAlex,1,1,0,1
openalex_only,City and Built Environment,OpenAlex,1,1,1,0
openalex_only,Clinical and Experimental Medicine,OpenAlex,1,1,0,1
openalex_only,Cluster Computing,OpenAlex,1,1,0,1
openalex_only,Coatings,OpenAlex,1,1,1,0
openalex_only,Cognitive Computation,OpenAlex,1,1,0,1
openalex_only,Communications in computer and information science,OpenAlex,1,1,1,0
openalex_only,Communications on Applied Nonlinear Analysis,OpenAlex,1,1,1,0
openalex_only,Complex & Intelligent Systems,OpenAlex,1,1,1,0
openalex_only,Computer,OpenAlex,1,1,1,0
openalex_only,Computers & Security,OpenAlex,1,1,0,1
openalex_only,Computers & Structures,OpenAlex,1,1,1,0
openalex_only,Crystals,OpenAlex,1,1,1,0
openalex_only,Cureus,OpenAlex,1,1,0,1
openalex_only,Current Research in Food Science,OpenAlex,1,1,1,0
openalex_only,Cybersecurity,OpenAlex,1,1,0,1
openalex_only,"Defect and diffusion forum/Diffusion and defect data, solid state data. Part A, Defect and diffusion forum",OpenAlex,1,1,1,0
openalex_only,Dentistry Journal,OpenAlex,1,1,1,0
openalex_only,Digital engineering.,OpenAlex,1,1,0,1
openalex_only,Digital twins and applications.,OpenAlex,1,1,1,0
openalex_only,Discover Artificial Intelligence,OpenAlex,1,1,1,0
openalex_only,Discover Cities,OpenAlex,1,1,1,0
openalex_only,Discover Computing,OpenAlex,1,1,0,1
openalex_only,Discover Materials,OpenAlex,1,1,0,1
openalex_only,Discover Nano,OpenAlex,1,1,1,0
openalex_only,Discover Plants.,OpenAlex,1,1,1,0
openalex_only,Electronic Theses and Dissertations Repository (University of Pisa),OpenAlex,1,1,1,0
openalex_only,Electrophoresis,OpenAlex,1,1,1,0
openalex_only,elib (German Aerospace Center),OpenAlex,1,1,0,1
openalex_only,Encyclopedia,OpenAlex,1,1,1,0
openalex_only,Energies,OpenAlex,1,1,1,0
openalex_only,Energy and AI,OpenAlex,1,1,0,1
openalex_only,Engineering,OpenAlex,1,1,1,0
openalex_only,Engineering Applications of Artificial Intelligence,OpenAlex,1,1,0,1
openalex_only,Engineering Journal (Chulalongkorn University),OpenAlex,1,1,0,1
openalex_only,Engineering Science & Technology Journal,OpenAlex,1,1,0,1
openalex_only,Eng—Advances in Engineering,OpenAlex,1,1,0,1
openalex_only,Enterprise Information Systems,OpenAlex,1,1,1,0
openalex_only,Environment Systems & Decisions,OpenAlex,1,1,1,0
openalex_only,Epilepsy & Behavior,OpenAlex,1,1,0,1
openalex_only,Espace École de technologie supérieure (École de technologie supérieure),OpenAlex,1,1,0,1
openalex_only,European Journal of AI Computing & Informatics,OpenAlex,1,1,0,1
openalex_only,European Journal of Dentistry,OpenAlex,1,1,1,0
openalex_only,European Journal of Surgical Oncology,OpenAlex,1,1,0,1
openalex_only,European Synchrotron Radiation Facility,OpenAlex,1,1,0,1
openalex_only,F1000Research,OpenAlex,1,1,0,1
openalex_only,Far East Journal of Experimental and Theoretical Artificial Intelligence,OpenAlex,1,1,0,1
openalex_only,Fashion and Textiles,OpenAlex,1,1,0,1
openalex_only,Fibers,OpenAlex,1,1,0,1
openalex_only,FinTech,OpenAlex,1,1,0,1
openalex_only,Frattura ed Integrità Strutturale,OpenAlex,1,1,1,0
openalex_only,FreiDok plus (Universitätsbibliothek Freiburg),OpenAlex,1,1,1,0
openalex_only,Frontiers in Artificial Intelligence,OpenAlex,1,1,0,1
openalex_only,Frontiers in Computer Science,OpenAlex,1,1,0,1
openalex_only,Frontiers in Digital Health,OpenAlex,1,1,0,1
openalex_only,Frontiers in Drug Delivery,OpenAlex,1,1,1,0
openalex_only,Frontiers in Engineering,OpenAlex,1,1,0,1
openalex_only,Frontiers in Materials,OpenAlex,1,1,1,0
openalex_only,Frontiers in Pharmacology,OpenAlex,1,1,1,0
openalex_only,Frontiers in Smart Grids,OpenAlex,1,1,0,1
openalex_only,Frontiers in Sustainable Cities,OpenAlex,1,1,0,1
openalex_only,Frontiers in Systems Biology,OpenAlex,1,1,0,1
openalex_only,Future Edge Journal of Progressive Research,OpenAlex,1,1,1,0
openalex_only,Future Internet,OpenAlex,1,1,0,1
openalex_only,Future Journal of Pharmaceutical Sciences,OpenAlex,1,1,0,1
openalex_only,Gazi Journal of Engineering Sciences,OpenAlex,1,1,1,0
openalex_only,Global Journal of Engineering and Technology Research,OpenAlex,1,1,0,1
openalex_only,Gongneng cailiao yu qijian xuebao,OpenAlex,1,1,1,0
openalex_only,Green Technology & Innovation,OpenAlex,1,1,0,1
openalex_only,Hans Journal of Biomedicine,OpenAlex,1,1,0,1
openalex_only,Ibero Ciencias - Revista Científica y Académica - ISSN 3072-7197,OpenAlex,1,1,0,1
openalex_only,ICST Transactions on Security and Safety,OpenAlex,1,1,1,0
openalex_only,IEEE Sensors Journal,OpenAlex,1,1,1,0
openalex_only,IET conference proceedings.,OpenAlex,1,1,1,0
openalex_only,IET Cyber-Systems and Robotics,OpenAlex,1,1,1,0
openalex_only,IFIP advances in information and communication technology,OpenAlex,1,1,1,0
openalex_only,Imaging and Radiation Research,OpenAlex,1,1,0,1
openalex_only,Indian Journal of Chemical Technology,OpenAlex,1,1,1,0
openalex_only,Indian Journal of Science and Technology,OpenAlex,1,1,0,1
openalex_only,Industries,OpenAlex,1,1,0,1
openalex_only,iNew Medicine,OpenAlex,1,1,1,0
openalex_only,Infoscience (Ecole Polytechnique Fédérale de Lausanne),OpenAlex,1,1,1,0
openalex_only,Infrastructures,OpenAlex,1,1,0,1
openalex_only,INMATEH Agricultural Engineering,OpenAlex,1,1,1,0
openalex_only,Innovations in Pedagogy and Technology,OpenAlex,1,1,0,1
openalex_only,Innovative economics and management,OpenAlex,1,1,0,1
openalex_only,Institutional Repositories DataBase (IRDB),OpenAlex,1,1,0,1
openalex_only,International Journal of Academic and Industrial Research Innovations(IJAIRI),OpenAlex,1,1,0,1
openalex_only,International Journal of AI for Materials and Design,OpenAlex,1,1,0,1
openalex_only,International Journal of Applied and Behavioral Sciences,OpenAlex,1,1,1,0
openalex_only,International Journal of Artificial Intelligence,OpenAlex,1,1,0,1
openalex_only,International Journal of Automation and Digital Transformation,OpenAlex,1,1,0,1
openalex_only,International Journal of Automotive Science And Technology,OpenAlex,1,1,1,0
openalex_only,International Journal of Coal Science & Technology,OpenAlex,1,1,0,1
openalex_only,International Journal of Computer Applications,OpenAlex,1,1,0,1
openalex_only,International Journal of Computer Assisted Radiology and Surgery,OpenAlex,1,1,0,1
openalex_only,International Journal of Computer Engineering in Research Trends,OpenAlex,1,1,0,1
openalex_only,International Journal of Data Science and IoT Management System,OpenAlex,1,1,0,1
openalex_only,International Journal of Economic Plants,OpenAlex,1,1,0,1
openalex_only,International journal of high school research,OpenAlex,1,1,0,1
openalex_only,International Journal of Home Economics Hospitality and Allied Research,OpenAlex,1,1,1,0
openalex_only,International Journal of Information Security,OpenAlex,1,1,0,1
openalex_only,International Journal of Innovations in Science Engineering and Management.,OpenAlex,1,1,1,0
openalex_only,International Journal of Innovative Research in Engineering & Multidisciplinary Physical Sciences,OpenAlex,1,1,1,0
openalex_only,International Journal of Innovative Research in Science Engineering and Technology,OpenAlex,1,1,0,1
openalex_only,International Journal of Mathematical Engineering and Management Sciences,OpenAlex,1,1,0,1
openalex_only,International Journal of Molecular Sciences,OpenAlex,1,1,1,0
openalex_only,International Journal of Nanomedicine,OpenAlex,1,1,0,1
openalex_only,International Journal of Pharmaceutical Research and Applications,OpenAlex,1,1,1,0
openalex_only,International Journal of Pharmaceutical Research and Development,OpenAlex,1,1,0,1
openalex_only,International Journal of Pharmacy and Pharmaceutical Science,OpenAlex,1,1,0,1
openalex_only,International Journal of Research in Pharmacology & Pharmacotherapeutics,OpenAlex,1,1,1,0
openalex_only,International Journal of Scientific Development and Research,OpenAlex,1,1,1,0
openalex_only,International Journal of Scientific Research in Modern Science and Technology,OpenAlex,1,1,1,0
openalex_only,International Journal of Social Robotics,OpenAlex,1,1,0,1
openalex_only,International Journal of Soft Computing and Engineering,OpenAlex,1,1,0,1
openalex_only,International Journal of Systems Assurance Engineering and Management,OpenAlex,1,1,0,1
openalex_only,International Journal on Information Technologies and Security,OpenAlex,1,1,0,1
openalex_only,International Journal on Science and Technology,OpenAlex,1,1,1,0
openalex_only,International Research Journal of Multidisciplinary Technovation,OpenAlex,1,1,0,1
openalex_only,International Scientific Journal of Engineering and Management,OpenAlex,1,1,0,1
openalex_only,Internet Archaeology,OpenAlex,1,1,0,1
openalex_only,IoT,OpenAlex,1,1,0,1
openalex_only,Iowa Research Online (The University of Iowa),OpenAlex,1,1,1,0
openalex_only,Iris (Roma Tre University),OpenAlex,1,1,0,1
openalex_only,ISIJ International,OpenAlex,1,1,1,0
openalex_only,"ISPRS annals of the photogrammetry, remote sensing and spatial information sciences",OpenAlex,1,1,0,1
openalex_only,ISPRS International Journal of Geo-Information,OpenAlex,1,1,0,1
openalex_only,Izvestiâ ÛFU. Tehničeskie nauki,OpenAlex,1,1,1,0
openalex_only,J — Multidisciplinary Scientific Journal,OpenAlex,1,1,0,1
openalex_only,JOURNAL OF ADVANCE AND FUTURE RESEARCH,OpenAlex,1,1,0,1
openalex_only,Journal of Advanced Research in Manufacturing Material Science & Metallurgical Engineering,OpenAlex,1,1,1,0
openalex_only,Journal of Applied Mechanics,OpenAlex,1,1,1,0
openalex_only,Journal of Artificial Intelligence for Automation,OpenAlex,1,1,0,1
openalex_only,Journal of Biomedical Materials Research Part A,OpenAlex,1,1,1,0
openalex_only,Journal of Composites and Biodegradable Polymers,OpenAlex,1,1,1,0
openalex_only,"Journal of computer, software and program.",OpenAlex,1,1,0,1
openalex_only,Journal of Craniofacial Surgery,OpenAlex,1,1,1,0
openalex_only,Journal of Ecological Engineering,OpenAlex,1,1,0,1
openalex_only,Journal of Educational Evaluation for Health Professions,OpenAlex,1,1,0,1
openalex_only,Journal of Engineering and Technology (JET),OpenAlex,1,1,1,0
openalex_only,Journal of Field Robotics,OpenAlex,1,1,1,0
openalex_only,Journal of Forensic and Legal Medicine,OpenAlex,1,1,0,1
openalex_only,Journal of Information Systems and Informatics,OpenAlex,1,1,0,1
openalex_only,Journal of Information Technology in Construction,OpenAlex,1,1,0,1
openalex_only,Journal of Infrastructure Preservation and Resilience,OpenAlex,1,1,1,0
openalex_only,Journal of Intelligent Information Systems,OpenAlex,1,1,1,0
openalex_only,Journal of Machine Engineering,OpenAlex,1,1,0,1
openalex_only,Journal of Materials and Mechatronics A,OpenAlex,1,1,1,0
openalex_only,Journal of materials research/Pratt's guide to venture capital sources,OpenAlex,1,1,1,0
openalex_only,Journal of Materials Science Composites,OpenAlex,1,1,1,0
openalex_only,Journal of Materials Science Materials in Engineering,OpenAlex,1,1,1,0
openalex_only,Journal of Mechanical Engineering and Manufacturing,OpenAlex,1,1,0,1
openalex_only,Journal of Mechanical Engineering Science and Innovation,OpenAlex,1,1,1,0
openalex_only,Journal of Micromechanics and Microengineering,OpenAlex,1,1,1,0
openalex_only,Journal of Minimally Invasive Gynecology,OpenAlex,1,1,0,1
openalex_only,Journal of Personalized Medicine,OpenAlex,1,1,0,1
openalex_only,Journal of Pharmaceutical and BioTech Industry,OpenAlex,1,1,1,0
openalex_only,Journal of Plant Electrobiology,OpenAlex,1,1,0,1
openalex_only,Journal of Plant Science and Phytopathology,OpenAlex,1,1,0,1
openalex_only,Journal of Polymer Science,OpenAlex,1,1,1,0
openalex_only,Journal of Reinforced Plastics and Composites,OpenAlex,1,1,1,0
openalex_only,Journal of Sandwich Structures & Materials,OpenAlex,1,1,1,0
openalex_only,Journal of Separation Science,OpenAlex,1,1,1,0
openalex_only,Journal of Sustainable Engineering & Green Technologies,OpenAlex,1,1,1,0
openalex_only,Journal of Sustainable Smart Materials and Structural Systems,OpenAlex,1,1,1,0
openalex_only,Journal of Systems and Software,OpenAlex,1,1,0,1
openalex_only,Journal of the American Chemical Society,OpenAlex,1,1,1,0
openalex_only,Journal of the Egyptian National Cancer Institute,OpenAlex,1,1,0,1
openalex_only,Journal of the Korean Society for Precision Engineering,OpenAlex,1,1,0,1
openalex_only,Journal of the Korean Society of Manufacturing Process Engineers,OpenAlex,1,1,1,0
openalex_only,Journal of the mechanical behavior of biomedical materials/Journal of mechanical behavior of biomedical materials,OpenAlex,1,1,1,0
openalex_only,Journal on Electronic and Automation Engineering,OpenAlex,1,1,1,0
openalex_only,Lancaster EPrints (Lancaster University),OpenAlex,1,1,0,1
openalex_only,Laser & Photonics Review,OpenAlex,1,1,1,0
openalex_only,Lecture notes in computational science and engineering,OpenAlex,1,1,1,0
openalex_only,Lecture notes in mechanical engineering,OpenAlex,1,1,1,0
openalex_only,"Library, Museums and Press - UDSpace (University of Delaware)",OpenAlex,1,1,1,0
openalex_only,Light Science & Applications,OpenAlex,1,1,1,0
openalex_only,Maritime Technology and Research,OpenAlex,1,1,0,1
openalex_only,Material and Mechanical Engineering Technology,OpenAlex,1,1,0,1
openalex_only,Materials Futures,OpenAlex,1,1,0,1
openalex_only,Materials Research Bulletin,OpenAlex,1,1,0,1
openalex_only,Materials Research Letters,OpenAlex,1,1,1,0
openalex_only,Materials Science and Engineering R Reports,OpenAlex,1,1,1,0
openalex_only,Materials Today Sustainability,OpenAlex,1,1,1,0
openalex_only,Mathematical Modeling and Algorithm Application,OpenAlex,1,1,1,0
openalex_only,Mathematics,OpenAlex,1,1,0,1
openalex_only,Measurement Science and Technology,OpenAlex,1,1,1,0
openalex_only,Mechanical Systems and Signal Processing,OpenAlex,1,1,0,1
openalex_only,Mechanika,OpenAlex,1,1,1,0
openalex_only,Mechatronics,OpenAlex,1,1,0,1
openalex_only,MedComm,OpenAlex,1,1,0,1
openalex_only,Metrology,OpenAlex,1,1,1,0
openalex_only,Military Medical Research,OpenAlex,1,1,1,0
openalex_only,Nanomanufacturing,OpenAlex,1,1,1,0
openalex_only,Natural Sciences and Engineering Bulletin,OpenAlex,1,1,0,1
openalex_only,Nature Chemical Engineering,OpenAlex,1,1,0,1
openalex_only,Nature Protocols,OpenAlex,1,1,1,0
openalex_only,Nondestructive Testing And Evaluation,OpenAlex,1,1,0,1
openalex_only,npj Artificial Intelligence,OpenAlex,1,1,1,0
openalex_only,npj Digital Surgery,OpenAlex,1,1,0,1
openalex_only,npj Flexible Electronics,OpenAlex,1,1,1,0
openalex_only,npj Heritage Science,OpenAlex,1,1,0,1
openalex_only,npj Soft Matter,OpenAlex,1,1,1,0
openalex_only,Nusantara Science and Technology Proceedings,OpenAlex,1,1,1,0
openalex_only,Open Information and Computer Integrated Technologies,OpenAlex,1,1,0,1
openalex_only,OpenBU (Boston University),OpenAlex,1,1,1,0
openalex_only,Organic Process Research & Development,OpenAlex,1,1,0,1
openalex_only,Organoid Research,OpenAlex,1,1,0,1
openalex_only,OSF Preprints (OSF Preprints),OpenAlex,1,1,0,1
openalex_only,OSTI OAI (U.S. Department of Energy Office of Scientific and Technical Information),OpenAlex,1,1,1,0
openalex_only,Periodica Polytechnica Civil Engineering,OpenAlex,1,1,1,0
openalex_only,Periodica Polytechnica Electrical Engineering and Computer Science,OpenAlex,1,1,0,1
openalex_only,Pharaonic Journal of Science,OpenAlex,1,1,0,1
openalex_only,Physica Scripta,OpenAlex,1,1,0,1
openalex_only,Plasticheskie massy,OpenAlex,1,1,1,0
openalex_only,PNAS Nexus,OpenAlex,1,1,1,0
openalex_only,Proceedings of the AAAI Symposium Series,OpenAlex,1,1,1,0
openalex_only,Programmable Materials,OpenAlex,1,1,1,0
openalex_only,PureMUL,OpenAlex,1,1,0,1
openalex_only,Quantum Science and Technology,OpenAlex,1,1,1,0
openalex_only,Rare Metals,OpenAlex,1,1,1,0
openalex_only,reposiTUm (TU Wien),OpenAlex,1,1,1,0
openalex_only,Research Explorer (The University of Manchester),OpenAlex,1,1,1,0
openalex_only,Review of Materials Research,OpenAlex,1,1,0,1
openalex_only,REVIEWS ON ADVANCED MATERIALS SCIENCE,OpenAlex,1,1,1,0
openalex_only,Revista Tópicos.,OpenAlex,1,1,0,1
openalex_only,RIVISTA GEOGRAFICA ITALIANA,OpenAlex,1,1,0,1
openalex_only,Robotics,OpenAlex,1,1,1,0
openalex_only,Romanian Cyber Security Journal,OpenAlex,1,1,0,1
openalex_only,RSC Advances,OpenAlex,1,1,1,0
openalex_only,SAE International Journal of Materials and Manufacturing,OpenAlex,1,1,0,1
openalex_only,SAE technical papers on CD-ROM/SAE technical paper series,OpenAlex,1,1,0,1
openalex_only,Scholarly Commons (Embry–Riddle Aeronautical University),OpenAlex,1,1,0,1
openalex_only,"Science, Engineering & Education.",OpenAlex,1,1,0,1
openalex_only,Scientific Journal of Engineering Research,OpenAlex,1,1,0,1
openalex_only,Scientific Journal of Silesian University of Technology Series Transport,OpenAlex,1,1,0,1
openalex_only,Scientific periodicals of Ukraine,OpenAlex,1,1,1,0
openalex_only,Shanlax International Journal of Arts Science and Humanities,OpenAlex,1,1,1,0
openalex_only,SHAREOK (University of Oklahoma),OpenAlex,1,1,1,0
openalex_only,SHAREOK (University of Oklahoma; Oklahoma State University; Central Oklahoma University),OpenAlex,1,1,1,0
openalex_only,Shipbuilding and marine infrastructure,OpenAlex,1,1,0,1
openalex_only,Shipping & Navigation,OpenAlex,1,1,0,1
openalex_only,ShodhKosh Journal of Visual and Performing Arts,OpenAlex,1,1,0,1
openalex_only,SINTEK JURNAL Jurnal Ilmiah Teknik Mesin,OpenAlex,1,1,1,0
openalex_only,Small Science,OpenAlex,1,1,0,1
openalex_only,Smart and Resilient Transport,OpenAlex,1,1,0,1
openalex_only,Smart and Sustainable Built Environment,OpenAlex,1,1,0,1
openalex_only,Smart Wearable Technology,OpenAlex,1,1,0,1
openalex_only,SmartSys,OpenAlex,1,1,1,0
openalex_only,Software & Systems Modeling,OpenAlex,1,1,0,1
openalex_only,Supply Chain Forum an International Journal,OpenAlex,1,1,0,1
openalex_only,Surface Science and Technology,OpenAlex,1,1,0,1
openalex_only,Surfaces,OpenAlex,1,1,1,0
openalex_only,Sustainable polymer & energy,OpenAlex,1,1,1,0
openalex_only,Telematics and Informatics Reports,OpenAlex,1,1,0,1
openalex_only,The Aeronautical Journal,OpenAlex,1,1,0,1
openalex_only,The Annals of “Dunarea de Jos” University of Galati Fascicle IX Metallurgy and Materials Science,OpenAlex,1,1,1,0
openalex_only,The Chemical Record,OpenAlex,1,1,1,0
openalex_only,The Educational Review USA,OpenAlex,1,1,0,1
openalex_only,The European Physical Journal Special Topics,OpenAlex,1,1,1,0
openalex_only,The Journal of Defense Modeling and Simulation Applications Methodology Technology,OpenAlex,1,1,0,1
openalex_only,The Scientific Issues of Ternopil Volodymyr Hnatiuk National Pedagogical University Series pedagogy,OpenAlex,1,1,1,0
openalex_only,Thermal Science,OpenAlex,1,1,1,0
openalex_only,Theseus (Ammattikorkeakoulujen),OpenAlex,1,1,1,0
openalex_only,Transactions of Materials Research,OpenAlex,1,1,1,0
openalex_only,Transactions of the Indian Institute of Metals,OpenAlex,1,1,0,1
openalex_only,Transactions of the Institute of Measurement and Control,OpenAlex,1,1,0,1
openalex_only,Translational dental research.,OpenAlex,1,1,0,1
openalex_only,Trepo - Institutional Repository of Tampere University,OpenAlex,1,1,1,0
openalex_only,Turkish Journal of Engineering,OpenAlex,1,1,1,0
openalex_only,Türkiye İnsansız Hava Araçları Dergisi,OpenAlex,1,1,1,0
openalex_only,Universidad Industrial de Santander,OpenAlex,1,1,0,1
openalex_only,UPCommons institutional repository (Universitat Politècnica de Catalunya),OpenAlex,1,1,0,1
openalex_only,UPM Digital Archive (Technical University of Madrid),OpenAlex,1,1,1,0
openalex_only,"Vestnik Nacionalʹnogo tehničeskogo universiteta ""HPI"". Tehnologii v mašinostroenii/Vìsnik Nacìonalʹnogo tehnìčnogo unìversitetu HPÌ. Serìâ: Tehnologìï v mašinobuduvannì",OpenAlex,1,1,0,1
openalex_only,Veterinary Medicine and Science,OpenAlex,1,1,0,1
openalex_only,Virtual Worlds,OpenAlex,1,1,0,1
openalex_only,VITRUVIO - International Journal of Architectural Technology and Sustainability,OpenAlex,1,1,0,1
openalex_only,Washington State University Dissertation,OpenAlex,1,1,1,0
openalex_only,West Science Interdisciplinary Studies,OpenAlex,1,1,0,1
openalex_only,West Science Social and Humanities Studies,OpenAlex,1,1,0,1
openalex_only,"White Rose Research Online (University of Leeds, The University of Sheffield, University of York)",OpenAlex,1,1,0,1
openalex_only,World Journal of Advanced Engineering Technology and Sciences,OpenAlex,1,1,0,1
openalex_only,Zaguan (Universidad de Zaragoza),OpenAlex,1,1,1,0
openalex_only,Zhongguo kexue. Wulixue Lixue Tianwenxue,OpenAlex,1,1,0,1
openalex_only,Вісник Херсонського національного технічного університету,OpenAlex,1,1,0,1
openalex_only,Перспективні технології та прилади,OpenAlex,1,1,0,1
openalex_only,Таврійський науковий вісник Серія Технічні науки,OpenAlex,1,1,0,1
